Month/Year,Victim of the conflict?,Municipality,Reason for Consultation,Previous complaints?,Violence setting,Type of violence,Referral,Entity referred to
17-Jun,Yes,Soledad,Mistreatment by the governor's bodyguard,Yes,Other,Psychological - Physical,None,None
17-Jun,No,Soledad,Legal advice to make testimony public,Yes,Domestic Violence,All of the above,Psychological - Legal,None
17-Jun,No,Soledad,The former partner fears for her life from her ex-partner,Yes,Domestic Violence,Psychological - Physical,Psychological - Legal,Family Support Commissioner 
17-Jun,Yes,Barranquilla,Victim of Domestic Violence. Psychological Help.,No,Domestic Violence,Psychological - Physical - Sexual,Orientation - Psychological,None
17-Jun,No,Barranquilla,Parents separated.,No,Domestic Violence,Psychological,Orientation - Psychological,None
17-Jun,No,Malambo,Boyfriend mistreated them.,No,Other,Psychological - Physical,Legal Help,Prosecutor's Office
17-Jun,No,Malambo,Mistreatment and threat against their life. ,No,Domestic Violence,Psychological - Physical,Psychological - Legal,Family Support Commissioner 
17-Jun,No,Barranquilla,Psychological and Physical Abuse,Yes,Domestic Violence,Psychological - Physical - Financial,Orientation - Psychological,None
17-Jun,No,Barranquilla,Psychological and Physical Abuse,Yes,Domestic Violence,Psychological - Physical - Financial,Psychological - Legal,Family Support Commissioner 
17-Jun,No,Soledad,Victim of Domestic Violence. Psychological Help.,Yes,Domestic Violence,Psychological,Legal Help,Family Support Commissioner 
17-Jun,No,Barranquilla,Physical and sexual harassment,Yes,Other,Physical,Legal Help,Police
17-Jun,No,Barranquilla,Victim of Domestic Violence,Yes,Domestic Violence,Psychological - Physical,Legal Help,Family Support Commissioner 
17-Jun,No,Barranquilla,Harassed by ex-partner,No,Other,Psychological,Orientation - Psychological,Police
17-Jun,No,Barranquilla,Consulting,Yes,Domestic Violence,Psychological - Physical,Psychological - Legal,Ombudsman's Office
17-Jun,No,Barranquilla,Suspicious that granddaugher is victim of abuse.,No,nan,nan,Psychological - Legal,None
17-Jun,No,Barranquilla,Assisting her grandma who suspects her granddaughter is victim of abuse.,No,nan,nan,Orientation - Psychological,None
17-Jun,No,Barranquilla,Mistreatment from partner.,No,Domestic Violence,Psychological - Physical - Financial,Psychological - Legal,Family Support Commissioner 
17-Jun,No,Barranquilla,Orientation,No,nan,nan,Social Work,None
17-Jun,No,Barranquilla,Orientation,Yes,Domestic Violence,Physical - Financial,Legal Help,Ombudsman's Office
17-Jun,No,Barranquilla,Orientation,No,nan,nan,Legal Help,None
17-Jun,No,Barranquilla,Orientation. Legal help.,Yes,nan,nan,Legal Help,Ombudsman's Office
17-Jun,No,Barranquilla,Orientation due to Domestic Violence.,Yes,Domestic Violence,Psychological - Physical - Sexual,Legal Help,Family Support Commissioner 
17-Jun,No,Barranquilla,PSYCHOLOGICAL SUPPORT,Yes,Other,Psychological - Physical,None,None
17-Jun,No,Puerto Colombia,AGGRESSION FROM A NEIGHBOR,Yes,Other,Psychological,Legal Help,Police
17-Jun,No,Barranquilla,abuse by her partner against her and her children,Yes,Domestic Violence,Psychological - Physical,Psychological - Legal,Family Support Commissioner 
17-Jun,No,Barranquilla,her minor daughter has behavioral problems (Ana Michelle Rangel Artega),No,nan,Psychological,Orientation - Psychological,None
17-Jun,No,Soledad,abuse by her husband,Yes,Domestic Violence,Psychological - Financial,Legal Help,Family Support Commissioner 
17-Jun,No,Soledad,her husband mistreats her and the police station gave her the wrong information,Yes,Domestic Violence,Psychological - Physical - Financial,Legal Help,None
17-Jun,No,Barranquilla,Her husband outrages against her during the divorce process,Yes,Domestic Violence,Psychological - Financial,Legal Help,None
17-Jun,No,Soledad,"family conflicts with ex-husband, mother and sisters",Yes,Domestic Violence,Psychological - Physical,Psychological - Legal,Family Support Commissioner 
17-Jun,No,Barranquilla,was physically assaulted by an ex-neighbor who is jealous of her husband with her,Yes,Other,Physical,Psychological - Legal,None
17-Jun,No,Sabanalarga,was assaulted by partner with hot water,Yes,Domestic Violence,Physical,Legal Help,Family Support Commissioner 
17-Jun,No,Barranquilla,consulate for aggravated domestic trauma,Yes,Domestic Violence,Psychological - Physical,Psychological - Legal,None
17-Jun,No,Barranquilla,Moods,No,nan,Psychological,None,None
17-Jun,No,Malambo,Orientation,No,nan,nan,Social Work,None
17-Jun,No,Soledad,Orientation,Yes,Domestic Violence,Psychological - Physical,Orientation - Psychological,None
17-Jun,Yes,Barranquilla,Orientation psychological.,No,nan,nan,None,None
17-Jun,No,Puerto Colombia,mistreatment of her partner's family with her.,Yes,Domestic Violence,Psychological - Physical,Legal Help,Family Support Commissioner 
17-Jul,No,Barranquilla,Other,No,nan,nan,Orientation - Psychological,None
17-Jul,Yes,Soledad,FOOD ASSISTANCE,Yes,Domestic Violence,Psychological,Psychological - Legal,Family Support Commissioner 
17-Jul,No,Barranquilla,Psychological Orientation,Yes,Domestic Violence,All of the above,Orientation - Psychological,None
17-Jul,Yes,Barranquilla,Legal Help to reclaim her daughter who is in family welfare,Yes,Domestic Violence,Psychological - Physical,Psychological - Legal,Ombudsman's Office
17-Jul,No,Soledad,PSYCHOLOGICAL SUPPORT,No,Domestic Violence,Psychological - Physical - Financial,Psychological - Legal,None
18-Jul,No,Soledad,psychological,Yes,Other,Psychological,None,None
17-Jul,No,Soledad,PSYCHOLOGICAL SUPPORT,No,Domestic Violence,Psychological - Sexual - Financial,Psychological - Legal,None
17-Jul,No,Malambo,HER EX-PARTNER WON'T HELP HER WITH THINGS FOR HER DAUGHTER AND SENT HER A WELFARE CITATION,Yes,Other,nan,Legal Help,Ombudsman's Office
17-Jul,No,Soledad,"HER EX-BOYFRIEND THREATENS AND HARASSES HER, CHHelpS HER, SAYS HE IS GOING TO HURT HER",Yes,Other,Psychological,Psychological - Legal,None
17-Jul,Yes,Barranquilla,She receives constant threats that he will deport her.,Yes,Domestic Violence,Psychological - Physical,Psychological - Legal,None
17-Jul,No,Barranquilla,her mother was a victim of femicide,No,Other,Psychological,Legal Help,None
17-Jul,No,Barranquilla,PSYCHOLOGICAL AND LEGAL SUPPORT,No,Domestic Violence,Psychological - Physical - Financial,Psychological - Legal,Ombudsman's Office
17-Jul,No,Soledad,legal support in the process that she is undertaking against her ex-partner.,Yes,Domestic Violence,Psychological - Physical - Financial,Legal Help,Ombudsman's Office
17-Jul,Yes,Barranquilla,Consultationtion,No,Other,Psychological,Legal Help,Family Support Commissioner 
17-Jul,Yes,Barranquilla,Consultationtion,No,nan,Psychological,Legal Help,None
17-Jul,No,Sabanalarga,was assaulted with hot water by his partner,Yes,nan,Physical,Legal Help,Family Support Commissioner 
17-Jul,No,Barranquilla,you need representation in a process of acquisitive prescription,No,nan,nan,Legal Help,Ombudsman's Office
17-Jul,No,Soledad,needs psychological and legal support,Yes,Domestic Violence,All of the above,Psychological - Legal,Family Support Commissioner 
17-Jul,No,Puerto Colombia,Consultationtion,No,Domestic Violence,Psychological,Psychological - Legal,Ombudsman's Office
17-Jul,No,Puerto Colombia,PSYCHOSOCIAL Orientation,No,Domestic Violence,Psychological,None,None
17-Jul,No,Barranquilla,NEED LEGAL HELP,No,Other,nan,Legal Help,Family Support Commissioner 
17-Jul,No,Soledad,PSYCHIC/legalL,Yes,Domestic Violence,Psychological - Physical - Sexual,Orientation - Psychological,Ombudsman's Office
17-Jul,No,Barranquilla,PSYCHIC/legalL,No,nan,Psychological,Psychological - Legal,Ombudsman's Office
17-Jul,No,Barranquilla,PSYCHIC/JURIDIC,No,Domestic Violence,Psychological - Financial,Psychological - Legal,None
17-Jul,No,Soledad,psychological support,Yes,Other,Sexual,Orientation - Psychological,None
17-Jul,No,Soledad,Legal Help,No,Other,nan,Legal Help,None
17-Jul,Yes,Soledad,psychological support,No,nan,nan,Orientation - Psychological,None
17-Jul,Yes,Barranquilla,psychological support,No,nan,nan,Psychological - Legal,Ombudsman's Office
17-Jul,No,Barranquilla,legal support,No,nan,Psychological - Physical,Legal Help,Ombudsman's Office
17-Jul,No,Puerto Colombia,legal support,No,nan,nan,Legal Help,Family Support Commissioner 
17-Jul,Yes,Galapa,legal and psychological support,No,nan,Psychological,Psychological - Legal,None
17-Jul,No,Barranquilla,Psychological - Legal Help,No,nan,Psychological - Physical,Psychological - Legal,Family Support Commissioner 
17-Jul,No,Soledad,LEGAL,Yes,Domestic Violence,Psychological - Physical,Legal Help,Family Support Commissioner 
17-Jul,No,Barranquilla,PSYCHO/LEGAL SUPPORT,Yes,Domestic Violence,All of the above,Psychological - Legal,Family Support Commissioner 
17-Jul,No,Barranquilla,PSYCHO/LEGAL SUPPORT,Yes,Domestic Violence,All of the above,Psychological - Legal,Family Support Commissioner 
17-Jul,No,Barranquilla,LEGAL SUPPORT,Yes,Domestic Violence,Psychological - Physical - Financial,Legal Help,Family Support Commissioner 
17-Jul,No,Barranquilla,Legal Help,No,Domestic Violence,All of the above,Legal Help,Family Support Commissioner 
17-Jul,No,Piojó,Legal Help,No,nan,nan,Legal Help,Family Support Commissioner 
17-Jul,No,Barranquilla,Legal Help,Yes,Domestic Violence,All of the above,Legal Help,Family Support Commissioner 
17-Jul,No,Barranquilla,Consultationtion,No,Domestic Violence,Psychological - Sexual - Financial,Legal Help,Family Support Commissioner 
17-Jul,No,Soledad,LEGAL HELP,No,Other,Psychological,Legal Help,None
17-Jul,No,Campo de la Cruz,Legal Help,No,Domestic Violence,Psychological,Legal Help,None
17-Jul,No,Soledad,Consultationtion,No,Domestic Violence,Psychological,Legal Help,Family Support Commissioner 
17-Jul,No,Soledad,Psychological Help,No,nan,nan,Orientation - Psychological,None
17-Jul,No,Soledad,Legal Help,No,nan,nan,Legal Help,None
17-Jul,No,Soledad,Legal Help,No,nan,nan,Legal Help,None
17-Jul,No,Suán,Legal Help,Yes,nan,nan,Legal Help,Family Support Commissioner 
17-Jul,No,Soledad,Consultationtion,No,nan,nan,None,None
17-Jul,No,barranquilla,JUR COUNSELING,Yes,nan,nan,Legal Help,None
17-Jul,No,Barranquilla,PSYCHO/LEGAL COUNSELING,No,Domestic Violence,Psychological,Psychological - Legal,Family Support Commissioner 
17-Jul,No,Barranquilla,Psychological Help,No,nan,nan,Orientation - Psychological,None
17-Jul,Yes,Barranquilla,Legal Help,Yes,nan,nan,Legal Help,None
17-Jul,Yes,Soledad,Legal Help,No,nan,nan,Legal Help,None
17-Jul,No,Barranquilla,Psychological Help,No,Other,Psychological,Legal Help,None
17-Jul,Yes,Barranquilla,Psychological Help,No,Domestic Violence,Psychological - Physical,Psychological - Legal,Family Support Commissioner 
17-Jul,No,Ponedera,Legal Help,Yes,Domestic Violence,Psychological - Physical - Financial,Psychological - Legal,None
17-Jul,No,Santo Tomás,Legal Help,Yes,nan,Psychological,Psychological - Legal,Family Support Commissioner 
17-Jul,No,Juan de Acosta,Psychological Help,No,nan,nan,None,None
17-Jul,No,Soledad,Legal Help,No,Other,Financial,Legal Help,Family Support Commissioner 
17-Jul,No,Barranquilla,Legal Help,No,Other,Psychological,Legal Help,None
17-Aug,No,Soledad,Legal Help,No,nan,nan,Legal Help,None
17-Aug,No,Barranquilla,Legal Help,Yes,Domestic Violence,Physical,Legal Help,None
17-Aug,No,Barranquilla,Legal Help,No,Other,nan,Legal Help,Family Support Commissioner 
17-Aug,No,Barranquilla,Legal Help,Yes,Domestic Violence,nan,Orientation - Psychological,Prosecutor's Office
17-Aug,No,Barranquilla,Legal Help,No,Other,Psychological - Physical,Orientation - Psychological,None
17-Aug,No,Barranquilla,Psychological Help,No,Domestic Violence,Psychological,Orientation - Psychological,None
17-Aug,No,Barranquilla,Psychological Help,No,Domestic Violence,Psychological,None,None
17-Aug,No,Barranquilla,Psychological Help,No,Domestic Violence,Psychological,Orientation - Psychological,None
17-Aug,No,Sabanalarga,Legal Help,Yes,Other,Sexual,Legal Help,None
17-Aug,No,Barranquilla,Legal Help,No,Domestic Violence,Physical,Legal Help,None
17-Aug,No,Barranquilla,Psychological - Legal Help,Yes,nan,nan,Legal Help,Ombudsman's Office
17-Aug,No,Barranquilla,Legal Help,No,nan,nan,Legal Help,None
17-Aug,No,Barranquilla,Psychological - Social Help,No,nan,nan,Legal Help,None
17-Aug,No,Polonuevo,Psychological - Social Help,No,Domestic Violence,Psychological,Orientation - Psychological,Family Support Commissioner 
17-Aug,No,Barranquilla,Legal Help,Yes,Domestic Violence,Psychological,Psychological - Legal,Ombudsman's Office
17-Aug,No,Malambo,Violence - psychological,No,Domestic Violence,Psychological - Financial,Orientation - Psychological,None
17-Aug,No,Soledad,Domestic Violence,No,Domestic Violence,Psychological - Physical,Legal Help,Family Support Commissioner 
17-Aug,Yes,Puerto Colombia,CONSULTING,Yes,nan,nan,Psychological - Legal,Family Support Commissioner 
17-Aug,No,bARRANQUILLA,CONSULTING,Yes,Domestic Violence,Psychological - Physical,Psychological - Legal,Prosecutor's Office
17-Aug,No,Soledad,psycho/legal counseling,Yes,Domestic Violence,All of the above,Psychological - Legal,None
17-Aug,No,Malambo,Psychological Help,Yes,Domestic Violence,Psychological - Physical - Financial,Orientation - Psychological,Family Support Commissioner 
17-Aug,No,Barranquilla,Legal Help,Yes,nan,nan,None,None
17-Aug,No,Sabanagrande,Psychological - Legal Help,Yes,Domestic Violence,Psychological - Financial,Legal Help,Family Support Commissioner 
17-Aug,No,Soledad,Psychological Help,No,nan,nan,None,None
17-Aug,No,Barranquilla,Psychological Help,No,Other,nan,Orientation - Psychological,None
17-Aug,No,Puerto Colombia,Psychological Help,Yes,nan,nan,Orientation - Psychological,None
17-Aug,No,Soledad,Legal Help,Yes,Domestic Violence,Psychological - Physical,Psychological - Legal,Family Support Commissioner 
17-Aug,No,Soledad,Psychological Help,No,Other,Psychological,Orientation - Psychological,None
17-Aug,No,Soledad,Psychological Help,No,Domestic Violence,Psychological - Sexual - Financial,None,None
17-Aug,No,Sabanalarga,Psychological - Social Help,Yes,Domestic Violence,Psychological,Orientation - Psychological,None
17-Aug,No,Soledad,Legal Help,Yes,Domestic Violence,Psychological - Financial,Legal Help,Ombudsman's Office
17-Aug,No,Soledad,Psychological Help,Yes,Other,Psychological,Orientation - Psychological,None
17-Aug,No,Barranquilla,Psychological Help,No,Domestic Violence,Psychological - Physical - Financial,Psychological - Legal,Family Support Commissioner 
17-Aug,No,Baranoa,Help,No,nan,nan,Orientation - Psychological,None
17-Aug,No,barranquilla,Psychological Help,Yes,Other,Sexual,Orientation - Psychological,None
17-Aug,No,barranquilla,Help psychological,No,Other,nan,None,None
17-Aug,Yes,Barranquilla,PSYCHO/LEGAL SUPPORT,Yes,Other,Physical,Psychological - Social,Police
17-Aug,Yes,Soledad,Legal Help y psychological,No,Domestic Violence,Psychological - Physical - Sexual,Psychological - Legal,None
17-Aug,Yes,Barranquilla,Legal Help,No,Domestic Violence,Psychological - Physical,Psychological - Legal,Family Support Commissioner 
17-Sep,No,Barranquilla,Legal Help y psychological,No,Other,nan,Legal Help,None
17-Sep,No,Barranquilla,Psychological - Social Help,No,Domestic Violence,Psychological - Sexual,Psychological - Social,ICBF
17-Sep,No,Galapa,Help psychological/legal,Yes,Domestic Violence,Psychological - Financial,Psychological - Legal,Family Support Commissioner 
17-Sep,No,bARRANQUILLA,Legal Help,Yes,nan,Sexual,Orientation - Psychological,ICBF
17-Sep,No,Soledad,Legal Help,Yes,Domestic Violence,Psychological - Physical,Legal Help,None
17-Sep,No,bARRANQUILLA,Help JURI,No,nan,Psychological,Orientation - Psychological,Family Support Commissioner 
17-Sep,Yes,Sabanagrande,Help,No,Other,nan,None,None
17-Sep,No,Barranquilla,Help psychological/legal,No,Other,Sexual,Psychological - Legal,Prosecutor's Office
17-Sep,No,Soledad,Help Psychological - Social Help,No,Domestic Violence,Psychological,Psychological - Social,None
17-Sep,No,Soledad,Legal Help,Yes,Domestic Violence,Psychological - Physical,Psychological - Legal,None
17-Sep,Yes,Barranquilla,Legal Help y psychological,No,nan,nan,Psychological - Legal,None
17-Sep,No,Barranquilla,Help,Yes,Domestic Violence,Psychological - Physical - Sexual,Psychological - Legal,Ombudsman's Office
17-Sep,No,Barranquilla,Help,Yes,Domestic Violence,Sexual,Orientation - Psychological,None
17-Sep,No,Galapa,Help,Yes,Domestic Violence,All of the above,Psychological - Legal,None
17-Sep,Yes,Barranquilla,Help,No,Domestic Violence,Psychological,Psychological - Legal,None
17-Sep,No,Puerto Colombia,Legal Help,No,Domestic Violence,Psychological - Physical,Legal Help,Prosecutor's Office
17-Sep,No,Barranquilla,Legal Help y psychological,No,Domestic Violence,Psychological,Psychological - Legal,None
17-Sep,No,Barranquilla,Help psychological/Legal,No,nan,nan,Orientation - Psychological,None
17-Sep,No,Barranquilla,Psychological Help y legal,Yes,Domestic Violence,Psychological - Physical,Psychological - Legal,Ombudsman's Office
17-Sep,No,Barranquilla,Legal Help,No,nan,nan,Legal Help,None
17-Sep,No,Soledad,Consultation,No,Domestic Violence,All of the above,Orientation - Psychological,None
17-Sep,No,Malambo,Psychological - Social Help,No,Domestic Violence,Psychological,Social Work,Family Support Commissioner 
17-Sep,No,Barranquilla,Psychological - Social Help,Yes,Domestic Violence,Psychological - Physical,Legal Help,None
17-Sep,No,Barranquilla,Help legal,No,nan,Psychological - Financial,Legal Help,None
17-Sep,No,bARRANQUILLA,Help legal,No,nan,nan,Legal Help,Prosecutor's Office
17-Sep,No,Usiacurí,Legal Help,Yes,Domestic Violence,Psychological,None,Police
17-Sep,No,Campo de la Cruz,Legal Help,No,nan,nan,None,None
17-Sep,No,Campo de la Cruz,Legal Help,No,Domestic Violence,Psychological,None,Family Support Commissioner 
17-Sep,No,Barranquilla,Legal Help,Yes,Domestic Violence,nan,Psychological - Legal,Ombudsman's Office
17-Sep,No,Soledad,Legal Help,No,Domestic Violence,Psychological - Physical,None,Family Support Commissioner 
17-Sep,No,Luruaco,Legal Help,No,Domestic Violence,Psychological - Physical,None,Family Support Commissioner 
17-Sep,No,Barranquilla,Legal Help,No,Domestic Violence,Psychological - Physical,None,Family Support Commissioner 
17-Sep,No,Barranquilla,Consultation,No,nan,nan,None,ICBF
17-Sep,No,Barranquilla,Legal Help,No,nan,nan,Legal Help,Family Support Commissioner 
17-Sep,Yes,Barranquilla,Help psychological/legal,No,Domestic Violence,Psychological,Psychological - Legal,None
17-Sep,No,Soledad,Psychological Help,Yes,Domestic Violence,Psychological - Physical - Financial,Orientation - Psychological,None
17-Sep,No,Soledad,Help psychological legal,Yes,Domestic Violence,Psychological,Psychological - Legal,Family Support Commissioner 
17-Sep,No,Barranquilla,Legal Help,No,nan,nan,Legal Help,None
17-Sep,No,Barranquilla,Legal Help,Yes,Domestic Violence,Psychological - Physical - Financial,Legal Help,Family Support Commissioner 
17-Sep,No,Barranquilla,Legal Help,No,Domestic Violence,Psychological - Physical,Legal Help,Family Support Commissioner 
17-Sep,No,Barranquilla,HelpO psychological Y legal,No,Domestic Violence,Psychological - Financial,Psychological - Legal,Family Support Commissioner 
17-Sep,No,Barranquilla,Legal Help,No,nan,nan,Legal Help,Ombudsman's Office
17-Sep,No,Malambo,Legal Help,No,nan,nan,None,None
17-Sep,No,Soledad,Legal Help,No,nan,nan,Legal Help,None
17-Sep,Yes,Barranquilla,Legal Help,No,nan,nan,None,None
17-Sep,No,Barranquilla,Legal Help,Yes,Domestic Violence,Psychological - Physical - Financial,Legal Help,None
17-Sep,No,Barranquilla,Legal Help,No,Other,Psychological - Physical,Psychological - Legal,None
17-Sep,No,Palmar de Varela,Legal Help,Yes,Domestic Violence,Psychological - Physical,Psychological - Legal,None
17-Sep,No,Barranquilla,Help psychologicalloga,No,nan,nan,None,None
17-Oct,No,Barranquilla,Help.legal,No,nan,nan,Legal Help,None
17-Oct,No,Barranquilla,Legal Help,Yes,Domestic Violence,Psychological - Physical - Financial,None,Family Support Commissioner 
17-Oct,No,Barranquilla,Help psychological/JURIDCA,No,Domestic Violence,All of the above,Psychological - Legal,Prosecutor's Office
17-Oct,No,Barranquilla,Orientation psychological,No,Domestic Violence,Physical,Orientation - Psychological,None
17-Oct,No,Barranquilla,Legal Help,No,Domestic Violence,Psychological,Legal Help,Family Support Commissioner 
17-Oct,No,Luruaco,Help.legal,Yes,nan,nan,Legal Help,Prosecutor's Office
17-Oct,No,Barranquilla,Legal Help,Yes,Domestic Violence,Financial,None,None
17-Oct,No,Malambo,psychological,Yes,nan,nan,Orientation - Psychological,None
17-Oct,No,Malambo,Legal Help,Yes,nan,nan,Psychological - Legal,None
17-Oct,No,Barranquilla,Legal Help,Yes,nan,nan,Legal Help,Police
17-Oct,No,Puerto Colombia,Legal Help,Yes,nan,Psychological - Physical,Legal Help,Family Support Commissioner 
17-Oct,No,GALAPA,Legal Help Y psychological,No,Domestic Violence,Psychological,Legal Help,Family Support Commissioner 
17-Oct,No,Soledad,Psychological - Social Help,No,Domestic Violence,Psychological,Psychological - Social,Family Support Commissioner 
17-Oct,No,Barranquilla,Legal Help,No,nan,nan,None,None
17-Oct,No,Barranquilla,Help.legal,No,Other,nan,Legal Help,Prosecutor's Office
17-Oct,No,Barranquilla,Help.legal,No,Other,nan,None,None
17-Oct,No,Sabanagrande,Legal Help,No,nan,nan,Legal Help,Family Support Commissioner 
17-Oct,No,Soledad,Legal Help,Yes,nan,nan,Legal Help,Ombudsman's Office
17-Oct,No,Soledad,Help.legal,Yes,Domestic Violence,Psychological,Legal Help,Prosecutor's Office
17-Oct,No,Barranquilla,Legal Help,Yes,Domestic Violence,Psychological - Physical,Orientation - Psychological,Ombudsman's Office
17-Oct,No,Barranquilla,Consultation,Yes,Domestic Violence,Psychological - Financial,Orientation - Psychological,Family Support Commissioner 
17-Oct,No,Barranquilla,Legal Help,No,Domestic Violence,Psychological,Legal Help,Family Support Commissioner 
17-Oct,No,Malambo,Legal Help,Yes,nan,nan,Legal Help,Family Support Commissioner 
17-Oct,No,Barranquilla,Help.psychologicallo,Yes,Other,Psychological,Orientation - Psychological,None
17-Oct,No,Barranquilla,Legal Help,No,Other,nan,None,None
17-Oct,No,Soledad,Orientation psychological,Yes,Domestic Violence,Physical,Orientation - Psychological,None
17-Oct,No,Soledad,Orientation psychological,No,Domestic Violence,nan,Orientation - Psychological,None
17-Oct,No,Soledad,Legal Help,Yes,Domestic Violence,Psychological - Physical - Financial,Legal Help,Family Support Commissioner 
17-Oct,Yes,Barranquilla,Legal Help,No,Other,nan,Legal Help,Ombudsman's Office
17-Oct,Yes,Soledad,Legal Help,Yes,Domestic Violence,Psychological,None,Family Support Commissioner 
17-Oct,No,Barranquilla,Legal Help,Yes,Domestic Violence,Physical,Psychological - Legal,Prosecutor's Office
17-Oct,No,Barranquilla,Legal Help,Yes,Domestic Violence,Psychological,Legal Help,Family Support Commissioner 
17-Oct,No,Malambo,Legal Help,Yes,nan,nan,Psychological - Legal,Family Support Commissioner 
17-Oct,No,Barranquilla,Help psychological/legal,Yes,Domestic Violence,All of the above,Psychological - Legal,Family Support Commissioner 
17-Oct,No,Malambo,Legal Help,No,nan,Psychological,None,None
17-Oct,No,Soledad,Psychological Help,Yes,nan,nan,None,None
17-Oct,No,Barranquilla,Psychological - Legal Help,Yes,Domestic Violence,Psychological - Physical - Financial,None,None
17-Oct,No,Soledad,Help psychological,No,nan,nan,Orientation - Psychological,None
17-Oct,No,SOLEDAD,Psychological Help,No,nan,nan,Orientation - Psychological,None
17-Oct,No,Malambo,Help.psychological,Yes,nan,nan,Orientation - Psychological,None
17-Oct,No,Soledad,Help psychological,No,nan,nan,None,None
17-Oct,No,Soledad,Legal Help,Yes,Domestic Violence,Psychological - Physical,Legal Help,None
17-Oct,No,Soledad,Legal Help,Yes,Domestic Violence,Physical,Legal Help,None
17-Oct,No,Barranquilla,Legal Help,Yes,nan,Psychological - Physical,Legal Help,Family Support Commissioner 
17-Oct,No,Barranquilla,Help.psychological-legal,No,Domestic Violence,Psychological - Physical,Psychological - Legal,Family Support Commissioner 
17-Oct,No,sOLEDAD,Help legal,No,Domestic Violence,Physical,Legal Help,None
17-Oct,No,Manatí,Help. legal,No,nan,nan,None,None
17-Oct,No,Barranquilla,Legal Help,No,Domestic Violence,Psychological - Physical,Legal Help,Family Support Commissioner 
17-Oct,No,Barranquilla,Legal Help,No,Other,Physical,Legal Help,Family Support Commissioner 
17-Oct,No,Barranquilla,Legal Help,No,Domestic Violence,Physical,Legal Help,Prosecutor's Office
17-Oct,No,Barranquilla,Psychological - Legal Help,No,Other,Psychological - Financial,None,Family Support Commissioner 
17-Oct,No,Barranquilla,Legal Help,Yes,nan,nan,None,Police
17-Oct,No,Barranquilla,Help Psychological - Social Help,No,Domestic Violence,Psychological - Physical - Financial,Psychological - Legal,Family Support Commissioner 
17-Oct,No,Barranquilla,Legal Help,No,Domestic Violence,Psychological - Physical,Orientation - Psychological,None
17-Oct,No,Soledad,Legal Help,No,nan,nan,None,None
17-Oct,No,Soledad,Legal Help,No,nan,nan,None,Ombudsman's Office
17-Oct,No,Soledad,Legal Help,No,nan,nan,None,Ombudsman's Office
17-Oct,No,Repelón,Legal Help,Yes,Domestic Violence,Psychological - Physical,None,Family Support Commissioner 
17-Oct,No,Juan de Acosta,Legal Help,No,Other,Physical,Legal Help,Police
17-Oct,No,Malambo,Legal Help,No,Domestic Violence,Psychological - Physical,Legal Help,Family Support Commissioner 
17-Oct,No,Barranquilla,Psychological - Legal Help,Yes,Domestic Violence,Psychological,None,None
17-Oct,No,Malambo,Legal Help,No,nan,nan,None,None
17-Oct,Yes,Barranquilla,Legal Help,Yes,Domestic Violence,All of the above,Orientation - Psychological,Family Support Commissioner 
17-Oct,No,Soledad,Psychological Help,No,Domestic Violence,Psychological,Orientation - Psychological,None
17-Oct,No,Barranquilla,Legal Help,No,Domestic Violence,Psychological - Physical,Orientation - Psychological,Prosecutor's Office
17-Oct,No,Barranquilla,Legal Help,Yes,Domestic Violence,Psychological - Financial,Legal Help,None
17-Oct,No,Barranquilla,Legal Help,Yes,Domestic Violence,Psychological - Physical,Legal Help,Family Support Commissioner 
17-Oct,No,Barranquilla,Legal Help,No,nan,nan,None,None
17-Oct,No,Soledad,Legal Help,No,Other,Psychological - Physical,Legal Help,None
17-Nov,No,Barranquilla,Legal Help,Yes,Other,Physical,Psychological - Legal,None
17-Nov,No,Barranquilla,Legal Help,Yes,Domestic Violence,All of the above,Legal Help,Family Support Commissioner 
17-Nov,No,Soledad,Legal Help,No,Other,Psychological,Legal Help,Prosecutor's Office
17-Nov,No,Malambo,Legal Help,No,Other,Psychological,Legal Help,Prosecutor's Office
17-Nov,No,Soledad,Legal Help,Yes,Domestic Violence,Psychological - Physical,Legal Help,None
17-Nov,No,Soledad,Legal Help,No,Domestic Violence,Psychological - Physical,Legal Help,None
17-Nov,No,Barranquilla,Legal Help,Yes,Other,Psychological - Physical,None,None
17-Nov,No,Barranquilla,Legal Help,Yes,nan,nan,None,None
17-Nov,No,Barranquilla,Legal Help,Yes,Other,Physical,Orientation - Psychological,None
17-Nov,No,Soledad,Legal Help,Yes,Domestic Violence,Psychological - Physical,Orientation - Psychological,Family Support Commissioner 
17-Nov,No,Santo Tomás,Psychological Help y legal,Yes,Domestic Violence,Psychological,Legal Help,Family Support Commissioner 
17-Nov,No,Barranquilla,Legal Help,No,Domestic Violence,Psychological,Legal Help,Family Support Commissioner 
17-Nov,No,Galapa,psychological/legal,No,Domestic Violence,Psychological - Physical,Psychological - Legal,Police
17-Nov,No,Barranquilla,psychological,Yes,Domestic Violence,Psychological - Physical,Psychological - Legal,None
17-Nov,No,Barranquilla,psychological,Yes,Domestic Violence,nan,Psychological - Social,None
17-Nov,No,Soledad,psychological,No,nan,nan,None,None
17-Nov,No,Soledad,Consultation,Yes,nan,nan,None,None
17-Nov,No,Soledad,psychological,No,Domestic Violence,nan,Orientation - Psychological,None
17-Nov,No,Barranquilla,Legal Help,Yes,nan,nan,Legal Help,None
17-Nov,No,Galapa,psychological,No,Other,Psychological,Psychological - Social,None
17-Nov,No,Galapa,Legal Help,Yes,Domestic Violence,Psychological - Physical - Sexual,Legal Help,Prosecutor's Office
17-Nov,No,Soledad,Legal Help,No,nan,nan,Orientation - Psychological,None
17-Nov,No,Soledad,Psychological Help,No,Domestic Violence,nan,Orientation - Psychological,None
17-Nov,No,Juan de Acosta,Psychological Help,No,Domestic Violence,nan,Orientation - Psychological,None
17-Nov,No,Palmar de Varela,psychological/legal,Yes,Domestic Violence,Psychological - Physical,Psychological - Legal,Family Support Commissioner 
17-Nov,No,Soledad,psychological/legal,Yes,Domestic Violence,Psychological,Orientation - Psychological,ICBF
17-Nov,No,Barranquilla,psychological,No,nan,nan,Orientation - Psychological,ICBF
17-Nov,No,Barranquilla,legal,Yes,Domestic Violence,Psychological - Physical,Psychological - Legal,Family Support Commissioner 
17-Nov,No,Barranquilla,legal,Yes,Other,nan,Psychological - Legal,ICBF
17-Nov,No,Barranquilla,legal,Yes,Domestic Violence,nan,None,None
17-Nov,No,Malambo,psychological,No,Domestic Violence,nan,None,None
17-Nov,No,Barranquilla,legal,No,Domestic Violence,nan,Legal Help,Police
17-Nov,No,Soledad,legal,Yes,Domestic Violence,Psychological,Psychological - Legal,Family Support Commissioner 
17-Nov,No,Barranquilla,legal,Yes,Domestic Violence,nan,Social Work,Prosecutor's Office
17-Nov,No,Barranquilla,legal,Yes,Domestic Violence,nan,Legal Help,Prosecutor's Office
17-Nov,No,Barranquilla,legal,Yes,Domestic Violence,Psychological - Physical - Sexual,Psychological - Legal,Family Support Commissioner 
17-Nov,No,Barranquilla,legal,Yes,Domestic Violence,Psychological - Physical,Psychological - Legal,Family Support Commissioner 
17-Nov,No,Soledad,legal,Yes,nan,nan,Legal Help,Family Support Commissioner 
17-Nov,No,Soledad,legal,No,Other,Psychological - Physical,Orientation - Psychological,ICBF
17-Nov,No,soledad,legal,No,Domestic Violence,Psychological - Physical,Legal Help,None
17-Dec,No,Barranquilla,legal,Yes,Other,nan,Orientation - Psychological,None
17-Dec,No,Barranquilla,Legal Help,Yes,nan,Psychological - Physical,Orientation - Psychological,None
17-Dec,No,Barranquilla,psychological/legal,Yes,Other,Psychological,Psychological - Legal,Prosecutor's Office
17-Dec,No,Barranquilla,Orientation,Yes,Domestic Violence,Psychological,None,None
17-Dec,No,Baranoa,"Legal Help, Housing",Yes,Domestic Violence,Psychological - Physical - Financial,None,None
17-Dec,No,Barranquilla,Psychological Help,No,Domestic Violence,Psychological,None,None
17-Dec,No,Barranquilla,Legal Help,No,Domestic Violence,nan,None,Family Support Commissioner 
17-Dec,No,Baranoa,Legal Help,No,Other,nan,None,None
17-Dec,No,Baranoa,Legal Help,No,Other,nan,None,Ombudsman's Office
17-Dec,No,Baranoa,Legal Help,No,Other,nan,None,Ombudsman's Office
17-Dec,No,Baranoa,Legal Help,No,Other,nan,None,None
17-Dec,No,Barranquilla,Legal Help,Yes,Domestic Violence,All of the above,Psychological - Legal,None
17-Dec,No,Barranquilla,Psychological Help,No,nan,nan,None,None
17-Dec,No,Barranquilla,Help Legal,No,Domestic Violence,Psychological,Legal Help,Family Support Commissioner 
17-Dec,No,Baranoa,Psychological - Legal Help,No,nan,Psychological,Legal Help,None
17-Dec,Yes,Barranquilla,Legal Help,No,nan,nan,None,None
17-Dec,No,Soledad,Legal Help,Yes,Domestic Violence,Psychological - Financial,Legal Help,Ombudsman's Office
17-Dec,No,Soledad,Legal Help,Yes,Domestic Violence,Psychological - Physical - Financial,Legal Help,Ombudsman's Office
17-Dec,No,Sabanalarga,Legal Help,No,Other,nan,None,Family Support Commissioner 
17-Dec,No,Soledad,Legal Help,Yes,Other,Psychological - Physical - Sexual,Legal Help,Ombudsman's Office
17-Dec,No,Barranquilla,Legal Help y psychological,No,Other,Psychological - Physical,Orientation - Psychological,Police
17-Dec,No,Soledad,psychological,Yes,Domestic Violence,Psychological - Physical,Orientation - Psychological,None
17-Dec,No,Malambo,psychological,Yes,Other,nan,Orientation - Psychological,None
17-Dec,No,Galapa,legal,No,Domestic Violence,Psychological - Physical,Orientation - Psychological,Family Support Commissioner 
17-Dec,No,Soledad,legal,Yes,Domestic Violence,Psychological - Physical,Orientation - Psychological,Family Support Commissioner 
17-Dec,No,Barranquilla,legal,Yes,Domestic Violence,Psychological - Physical,Psychological - Legal,Family Support Commissioner 
18-Jan,No,Barranquilla,legal,No,Domestic Violence,Psychological - Physical,Psychological - Legal,Police
18-Jan,No,Puerto Colombia,psychological,No,Domestic Violence,Psychological - Physical,Orientation - Psychological,None
18-Jan,No,Barranquilla,legal,Yes,Domestic Violence,Psychological - Physical - Financial,Legal Help,None
18-Jan,No,Barranquilla,psychological,Yes,Domestic Violence,Psychological - Physical,None,None
18-Jan,Yes,Barranquilla,legal,Yes,Domestic Violence,Psychological - Physical,Orientation - Psychological,None
18-Jan,No,Barranquilla,visita en clinica,Yes,Domestic Violence,Psychological,Psychological - Legal,Prosecutor's Office
18-Jan,No,Barranquilla,psychological-legal,No,Domestic Violence,Psychological - Financial,Psychological - Legal,Family Support Commissioner 
18-Jan,No,Galapa,legal,Yes,Other,nan,Psychological - Legal,None
18-Jan,No,Barranquilla,psychological-legal,Yes,Domestic Violence,Psychological,Orientation - Psychological,None
18-Jan,No,Barranquilla,legal,Yes,Other,Psychological - Physical,Social Work,Family Support Commissioner 
18-Jan,No,Soledad,legal,Yes,Other,nan,Legal Help,Ombudsman's Office
18-Jan,No,Barranquilla,psychological-legal,No,Domestic Violence,Psychological,Psychological - Legal,Family Support Commissioner 
18-Jan,Yes,Barranquilla,legal,No,Domestic Violence,Psychological,None,Family Support Commissioner 
18-Jan,No,Barranquilla,legal,Yes,Domestic Violence,Psychological,Legal Help,Prosecutor's Office
18-Mar,No,Soledad,Psychological Help,No,nan,nan,None,None
18-Jan,No,Soledad,psychological-legal,Yes,Domestic Violence,Psychological - Physical,Orientation - Psychological,Family Support Commissioner 
18-Jan,No,Soledad,legal,Yes,Domestic Violence,Psychological - Physical,Legal Help,Family Support Commissioner 
18-Jan,No,Juan de Acosta, Housing,Yes,Domestic Violence,Psychological,Legal Help,None
18-Jan,No,Soledad,psychological,Yes,Domestic Violence,Psychological - Physical,Psychological - Legal,Family Support Commissioner 
18-Jan,No,Barranquilla,legal,Yes,Domestic Violence,Psychological,Psychological - Legal,Family Support Commissioner 
18-Jan,No,Malambo,psychological,No,Domestic Violence,Psychological,Orientation - Psychological,Family Support Commissioner 
18-Jan,No,Soledad,legal,No,Domestic Violence,Psychological,None,Family Support Commissioner 
18-Jan,No,Soledad,psychological-legal,Yes,Other,Physical,None,None
18-Jan,No,Barranquilla,psychological-legal,No,Other,Psychological - Physical - Financial,None,Prosecutor's Office
18-Jan,No,Barranquilla,Legal Help,No,nan,nan,Legal Help,Ombudsman's Office
18-Jan,No,Soledad,Help legal,Yes,nan,nan,Legal Help,Family Support Commissioner 
18-Jan,No,Soledad,Help legal,Yes,Domestic Violence,Psychological - Financial,Legal Help,Family Support Commissioner 
18-Jan,No,Barranquilla,Help legal,Yes,Domestic Violence,Psychological - Physical - Sexual,Psychological - Legal,Family Support Commissioner 
18-Jan,Yes,Soledad,Help legal,Yes,Domestic Violence,Psychological - Physical - Financial,Psychological - Legal,Ombudsman's Office
18-Jan,No,Barranquilla,psychological,No,nan,nan,None,None
18-Jan,No,Malambo,psychological,No,Domestic Violence,Psychological,None,None
18-Feb,No,Soledad,Consultation,Yes,Domestic Violence,Psychological - Physical - Financial,Legal Help,Family Support Commissioner 
18-Feb,No,Barranquilla,Orientation psychological,No,Other,nan,None,None
18-Feb,No,Soledad,orientcion legal,Yes,Domestic Violence,Psychological,None,None
18-Feb,No,Barranquilla,Legal Help,Yes,Domestic Violence,Psychological - Financial,Legal Help,Family Support Commissioner 
18-Feb,No,Barranquilla,Psychological Help,Yes,Domestic Violence,Psychological - Physical,Psychological - Legal,Family Support Commissioner 
18-Feb,No,Galapa,Psychological Help,Yes,Domestic Violence,Psychological - Physical - Financial,None,None
18-Feb,No,Soledad,Legal Help,Yes,nan,nan,Legal Help,Ombudsman's Office
18-Feb,No,Barranquilla,Legal Help,No,nan,nan,Legal Help,Ombudsman's Office
18-Feb,No,Barranquilla,"psychological, legal",Yes,Domestic Violence,Psychological - Sexual - Financial,Psychological - Legal,None
18-Feb,No,Barranquilla,"psychological, legal",No,nan,nan,Psychological - Legal,None
18-Feb,No,BARRANQUILLA,Domestic Violence,No,Domestic Violence,Psychological - Physical,Psychological - Social,Family Support Commissioner 
18-Feb,No,malambo,"psychological, legal",Yes,Other,nan,Psychological - Legal,Ombudsman's Office
18-Feb,No,Barranquilla,Orientation psychological,No,nan,nan,Orientation - Psychological,None
18-Feb,No,Galapa,Orientation psychological,No,Domestic Violence,Psychological - Financial,Legal Help,Family Support Commissioner 
18-Feb,No,Tubará,legal,Yes,Other,nan,Legal Help,None
18-Feb,No,Juan de Acosta,Legal Help,Yes,Domestic Violence,Psychological - Financial,Orientation - Psychological,Family Support Commissioner 
18-Feb,Yes,Soledad,legal,No,Other,Physical,Legal Help,Prosecutor's Office
18-Feb,No,Barranquilla,Orientation psychological,No,Domestic Violence,Psychological,Orientation - Psychological,None
18-Feb,No,Barranquilla,Orientation psychological,No,Domestic Violence,nan,Orientation - Psychological,None
18-Feb,No,Barranquilla,Orientation psychological,No,nan,nan,Orientation - Psychological,None
18-Feb,No,Barranquilla,Orientation psychological,No,Other,Psychological - Physical,Social Work,Prosecutor's Office
18-Feb,No,Barranquilla,Legal Help,No,Domestic Violence,Psychological,Legal Help,Ombudsman's Office
18-Feb,No,Barranquilla,Orientation psychological,No,Domestic Violence,nan,Orientation - Psychological,None
18-Feb,No,Repelón,Orientation psychological,No,nan,nan,Orientation - Psychological,None
18-Feb,No,Repelón,psychological,Yes,Other,Sexual,Orientation - Psychological,Prosecutor's Office
18-Feb,No,Repelón,Legal Help,Yes,Domestic Violence,Physical - Financial,Legal Help,Family Support Commissioner 
18-Feb,No,Galapa,Orientation psychological,No,Domestic Violence,nan,Orientation - Psychological,None
18-Feb,No,Galapa,Orientation psychological,No,Domestic Violence,nan,Orientation - Psychological,None
18-Feb,No,Galapa,Orientation psychological,No,Domestic Violence,nan,Orientation - Psychological,None
18-Feb,No,Barranquilla,Orientation legal,Yes,Other,Psychological - Sexual,Orientation - Psychological,Prosecutor's Office
18-Feb,No,Juan de Acosta,Consultation,No,Other,nan,Orientation - Psychological,None
18-Feb,No,Juan de Acosta,Consultation,No,Other,nan,Orientation - Psychological,None
18-Feb,No,Repelón,Orientation psychological,No,Domestic Violence,Psychological,Orientation - Psychological,None
18-Feb,No,Barranquilla,Orientation psychological,No,Domestic Violence,Psychological - Physical,Psychological - Legal,Family Support Commissioner 
18-Feb,Yes,Barranquilla,Legal Help,No,Domestic Violence,Psychological - Physical,Legal Help,Ombudsman's Office
18-Feb,No,Barranquilla,Legal Help,Yes,Domestic Violence,Psychological - Physical,Legal Help,Family Support Commissioner 
18-Feb,No,barranquilla,Legal Help,No,Domestic Violence,Psychological - Financial,Psychological - Legal,Family Support Commissioner 
18-Feb,No,Barranquilla,Legal Help,No,Domestic Violence,Psychological - Financial,Orientation - Psychological,None
18-Feb,No,Barranquilla,"psychological, legal",No,Domestic Violence,Psychological - Physical - Sexual,Psychological - Legal,Family Support Commissioner 
18-Feb,No,Barranquilla,Orientation psychological,No,Domestic Violence,Psychological - Physical,Legal Help,Prosecutor's Office
18-Feb,No,Soledad,Orientation psychological,No,Domestic Violence,Psychological - Physical - Financial,Legal Help,Family Support Commissioner 
18-Feb,No,Malambo,psychological,No,nan,nan,None,None
18-Feb,No,Soledad,Legal Help,No,nan,Psychological - Physical,Legal Help,Prosecutor's Office
18-Feb,No,Juan de Acosta,Psychological Help,No,Domestic Violence,Psychological - Physical,Psychological - Legal,Family Support Commissioner 
18-Feb,No,Juan de Acosta,Legal Help,No,Domestic Violence,Psychological - Physical,Legal Help,Ombudsman's Office
18-Feb,No,Puerto Colombia,Legal Help,Yes,Domestic Violence,Psychological - Physical,Legal Help,Family Support Commissioner 
18-Mar,No,Soledad,Psychological Help,No,Domestic Violence,Psychological,None,None
18-Mar,No,Soledad,Psychological Help,No,Domestic Violence,Psychological,None,None
18-Mar,No,Barranquilla,Legal Help,Yes,nan,nan,Legal Help,Ombudsman's Office
18-Mar,No,Soledad,HelpOSIRA legal,Yes,Domestic Violence,Psychological - Physical - Sexual,Legal Help,None
18-Mar,No,Barranquilla,Psychological Help,No,Domestic Violence,Financial,None,None
18-Mar,No,Barranquilla,Psychological Help,No,nan,nan,None,None
18-Mar,No,Soledad," psychological, legal",Yes,Domestic Violence,Psychological - Physical - Sexual,Legal Help,Ombudsman's Office
18-Mar,No,Soledad,Legal Help,Yes,Domestic Violence,All of the above,Legal Help,Family Support Commissioner 
18-Mar,No,Barranquilla,"psychological, legal",Yes,Domestic Violence,Psychological - Physical,Psychological - Legal,Family Support Commissioner 
18-Mar,No,Malambo,"psychological, legal",Yes,Domestic Violence,All of the above,Orientation - Psychological,None
18-Mar,No,Barranquilla,"psychological, legal",Yes,Domestic Violence,Psychological - Physical,None,Ombudsman's Office
18-Mar,No,Barranquilla,Psychological Help,No,nan,Psychological,Orientation - Psychological,None
18-Mar,No,Soledad,Legal Help,Yes,Domestic Violence,Psychological - Physical - Sexual,Legal Help,None
18-Mar,No,Barranquilla,Help legal,No,Domestic Violence,Psychological,Psychological - Legal,Family Support Commissioner 
18-Mar,No,Barranquilla,Legal Help,No,nan,Psychological,Legal Help,None
18-Mar,No,Soledad,Help psychological,No,Domestic Violence,Psychological - Physical,Psychological - Legal,None
18-Mar,No,Soledad,Help. psychological,No,Domestic Violence,Psychological - Financial,None,None
18-Mar,No,Barranquilla,Consultation,Yes,Domestic Violence,Physical,Legal Help,Ombudsman's Office
18-Mar,No,Baranoa,Lega;,Yes,nan,nan,Legal Help,Ombudsman's Office
18-Mar,No,Barranquilla,Legal Help,Yes,Domestic Violence,Psychological - Physical,Legal Help,None
18-Mar,No,Soledad, psychological,No,nan,nan,Psychological - Social,None
18-Mar,No,Soledad,Legal Help Y psychological,No,nan,nan,Psychological - Legal,Family Support Commissioner 
18-Mar,No,Soledad,Legal Help Y psychological,No,Domestic Violence,Physical - Sexual,Psychological - Legal,Family Support Commissioner 
18-Mar,No,Barranquilla,Legal Help,No,nan,nan,Legal Help,Ombudsman's Office
18-Mar,No,Barranquilla,Psychological Help,Yes,Domestic Violence,Psychological - Physical - Financial,Legal Help,None
18-Mar,No,Soledad,Consultation,Yes,Other,Sexual,None,None
18-Mar,No,Barranquilla,Legal Help,No,Other,nan,Legal Help,Family Support Commissioner 
18-Mar,No,Soledad,Legal Help,No,Domestic Violence,Psychological - Physical - Financial,Legal Help,Family Support Commissioner 
18-Mar,No,Barranquilla,Legal Help,Yes,Domestic Violence,Psychological - Physical,Psychological - Legal,Prosecutor's Office
18-Mar,No,Barranquilla,Legal Help,Yes,Other,Physical,Psychological - Legal,Ombudsman's Office
18-Mar,No,Baranoa,Legal Help,Yes,Domestic Violence,Psychological - Physical - Sexual,Legal Help,Family Support Commissioner 
18-Mar,No,Malambo,Legal Help,No,Other,nan,None,Prosecutor's Office
18-Mar,No,Barranquilla,Legal Help,Yes,nan,Physical,Legal Help,Ombudsman's Office
18-Mar,No,Soledad,Legal Help,No,nan,nan,Legal Help,Ombudsman's Office
18-Mar,No,Soledad,Psychological Help,No,nan,nan,Orientation - Psychological,None
18-Mar,Yes,Soledad,Legal Help,No,nan,Psychological - Financial,Legal Help,Ombudsman's Office
18-Apr,No,Barranquilla,Legal Help,Yes,nan,Psychological - Financial,Legal Help,Family Support Commissioner 
18-Apr,No,Barranquilla,Psychological Help,Yes,Domestic Violence,Psychological - Physical,None,None
18-Apr,No,Barranquilla,Psychological Help,Yes,Domestic Violence,Psychological - Physical,Orientation - Psychological,None
18-Apr,No,Galapa,Legal Help,Yes,nan,nan,Legal Help,Ombudsman's Office
18-Apr,Yes,Sabanalarga,housewife,No,nan,nan,Orientation - Psychological,None
18-Apr,No,Barranquilla,Consultation,No,nan,nan,Psychological - Legal,Family Support Commissioner 
18-Apr,No,Barranquilla,Consultation,No,nan,nan,None,None
18-Apr,No,Galapa,Legal Help y psychological,Yes,Domestic Violence,Psychological - Physical - Financial,Psychological - Legal,None
18-Apr,No,Barranquilla,Psychological Help,No,Domestic Violence,Psychological,Orientation - Psychological,None
18-Apr,No,Barranquilla,Legal Help,No,Domestic Violence,Psychological - Physical,Legal Help,Family Support Commissioner 
18-Apr,No,Malambo,Legal Help,Yes,Domestic Violence,Psychological,Psychological - Legal,None
18-Apr,No,Soledad,Legal Help,No,nan,Psychological,Legal Help,Prosecutor's Office
18-Apr,No,Barranquilla,Psychological Help,No,Domestic Violence,Psychological - Physical,Psychological - Legal,Family Support Commissioner 
18-Apr,No,Barranquilla,Legal Help,Yes,Domestic Violence,Psychological,Psychological - Legal,None
18-Apr,No,Barranquilla,Legal Help,Yes,Domestic Violence,Psychological - Physical - Financial,Psychological - Legal,Family Support Commissioner 
18-Apr,No,Galapa,Legal Help,No,Domestic Violence,Physical,Psychological - Legal,Family Support Commissioner 
18-Apr,No,Soledad,Psychological Help,No,nan,nan,Psychological - Social,None
18-Apr,No,Soledad,Legal Help Y psychological,Yes,Domestic Violence,Psychological - Physical - Financial,Legal Help,Family Support Commissioner 
18-Apr,No,Barranquilla,Legal Help,No,Domestic Violence,Psychological - Physical,Legal Help,Prosecutor's Office
18-Apr,No,Soledad,Legal Help,Yes,Domestic Violence,Psychological - Physical - Financial,Legal Help,Family Support Commissioner 
18-Apr,No,Palmar de Varela,Legal Help,No,Other,Financial,None,None
18-Apr,No,Barranquilla,Legal Help,Yes,Domestic Violence,Psychological,Legal Help,Prosecutor's Office
18-Apr,No,Barranquilla,Legal Help,Yes,nan,nan,None,Ombudsman's Office
18-Apr,No,Barranquilla,psychological,No,nan,nan,None,None
18-Apr,Yes,Soledad,Consultation,Yes,Domestic Violence,Psychological - Physical,Psychological - Legal,Ombudsman's Office
18-Apr,No,Soledad,psychological,No,nan,nan,None,None
18-Apr,No,Malambo,psychological Legal,No,nan,nan,Psychological - Legal,None
18-Apr,No,Barranquilla,"psychological, legal",No,nan,nan,None,None
18-Apr,No,Galapa,"psychological, legal",No,Domestic Violence,nan,Psychological - Legal,None
18-Apr,No,Galapa,"psychological, legal",No,Domestic Violence,nan,Psychological - Legal,None
18-Apr,Yes,Barranquilla,psychologicallegal,Yes,Domestic Violence,Psychological - Physical - Sexual,Legal Help,Police
18-Apr,No,Puerto Colombia,psychologicallegal,Yes,Domestic Violence,Psychological - Physical - Financial,None,None
18-Apr,Yes,Soledad,Psychological Help,No,Other,nan,None,None
18-Apr,Yes,Barranquilla,legal,No,nan,nan,Legal Help,Ombudsman's Office
18-Apr,No,Barranquilla,psychologicallegal,No,Domestic Violence,Psychological - Financial,Psychological - Legal,Family Support Commissioner 
18-Apr,No,Soledad,Psychological Help,No,Domestic Violence,Psychological,None,Family Support Commissioner 
18-Apr,No,Barranquilla,Help psychological-legal,No,nan,nan,Psychological - Legal,Family Support Commissioner 
18-Apr,No,Barranquilla,Help psychological- legal,No,Domestic Violence,Psychological,None,None
18-Apr,No,Barranquilla,Help psychological- legal,No,Domestic Violence,Psychological - Physical - Financial,Psychological - Legal,Family Support Commissioner 
18-Apr,No,Barranquilla,Help Psychological - Social Help,Yes,Other,Psychological - Physical,Psychological - Social,Prosecutor's Office
18-Apr,No,Soledad,Legal Help,No,Domestic Violence,Psychological - Financial,Legal Help,Family Support Commissioner 
18-Apr,No,Soledad,Psychological Help,Yes,Domestic Violence,Psychological,None,None
18-Apr,No,Barranquilla,Legal Help,Yes,Domestic Violence,Psychological - Physical - Financial,Legal Help,Family Support Commissioner 
18-Apr,No,Malambo,Helpsria legal,Yes,Other,nan,Legal Help,Ombudsman's Office
18-Apr,No,Luruaco,Housing,Yes,Domestic Violence,Psychological - Physical - Financial,Legal Help,None
18-Apr,No,Barranquilla,Psychological Help,No,nan,nan,Orientation - Psychological,None
18-Apr,No,Barranquilla,Psychological Help,Yes,nan,Sexual,Psychological - Legal,Family Support Commissioner 
18-Apr,No,Soledad,Legal Help,Yes,Domestic Violence,Psychological - Physical,Legal Help,Family Support Commissioner 
18-Apr,No,Barranquilla,Help psychological- legal,Yes,Domestic Violence,Psychological - Physical - Sexual,Psychological - Legal,Family Support Commissioner 
18-Apr,No,Barranquilla,Legal Help,No,nan,nan,Legal Help,Ombudsman's Office
18-Apr,No,Barranquilla,Legal Help,Yes,Domestic Violence,Psychological - Physical - Sexual,Legal Help,None
18-Apr,No,Barranquilla,Psychological Help,No,Domestic Violence,nan,Orientation - Psychological,None
18-Apr,No,Barranquilla,participar en curso,No,Domestic Violence,Psychological - Sexual,None,None
18-Apr,No,Soledad,Legal Help,Yes,Domestic Violence,Psychological - Physical,Psychological - Legal,Family Support Commissioner 
18-Apr,No,Barranquilla,Legal Help,Yes,Domestic Violence,Psychological - Physical - Financial,Legal Help,Family Support Commissioner 
18-Apr,No,Soledad,Legal Help,No,nan,nan,Psychological - Legal,Police
18-Apr,No,Galapa,Psychological Help,No,Domestic Violence,nan,Orientation - Psychological,None
18-May,No,Barranquilla,Psychological Help,No,Domestic Violence,Psychological,None,None
18-May,No,Barranquilla,Psychological Help,No,Domestic Violence,Psychological,None,None
18-May,No,Galapa,Psychological Help,No,Domestic Violence,Psychological,None,None
18-May,No,Barranquilla,Legal Help,No,nan,Psychological,Legal Help,Ombudsman's Office
18-May,No,Barranquilla,Legal Help,Yes,nan,Psychological - Physical,None,None
18-May,No,Soledad,Legal Help,Yes,Domestic Violence,Psychological - Physical,Legal Help,Family Support Commissioner 
18-May,No,Barranquilla,Help psychological-legal,No,Domestic Violence,Psychological - Physical,Psychological - Legal,Prosecutor's Office
18-May,No,Barranquilla,Help psychological-legal,No,Domestic Violence,Psychological - Physical,Psychological - Legal,Family Support Commissioner 
18-May,No,Soledad,Legal Help,No,nan,nan,Legal Help,Police
18-May,No,Soledad,Legal Help,No,nan,nan,Legal Help,Ombudsman's Office
18-May,No,Barranquilla,psychological,No,Other,nan,Orientation - Psychological,None
18-May,No,Galapa,Psychological - Legal Help,Yes,Domestic Violence,Psychological,Orientation - Psychological,Family Support Commissioner 
18-May,No,Santo Tomás,Psychological Help,No,Domestic Violence,Psychological - Physical,Psychological - Legal,None
18-May,No,Barranquilla,Psychological Help legal,Yes,Domestic Violence,Psychological - Physical - Sexual,Psychological - Legal,Prosecutor's Office
18-May,No,Barranquilla,Legal Help,No,Domestic Violence,Psychological - Physical,Legal Help,None
18-May,No,Barranquilla,Psychological Help,Yes,Domestic Violence,Sexual,Psychological - Social,None
18-May,No,Galapa,Legal Help,Yes,Domestic Violence,Psychological,Legal Help,Prosecutor's Office
18-May,No,SOLEDAD,Help psychological legal,No,nan,nan,None,Family Support Commissioner 
18-May,No,Barranquilla,Psychological - Legal Help,No,nan,Psychological - Financial,Legal Help,Ombudsman's Office
18-May,No,Barranquilla,Legal Help,Yes,Domestic Violence,Psychological - Physical - Financial,Legal Help,Ombudsman's Office
18-May,No,Soledad,Psychological Help,Yes,Domestic Violence,Psychological - Physical,None,None
18-May,No,Barranquilla,Psychological Help,No,Domestic Violence,Psychological - Physical,Orientation - Psychological,Prosecutor's Office
18-May,No,Barranquilla,Legal Help,Yes,Domestic Violence,Psychological - Physical,Legal Help,Family Support Commissioner 
18-May,No,Soledad,Legal Help,No,Domestic Violence,Psychological - Physical,Legal Help,Family Support Commissioner 
18-May,No,Soledad,legal,Yes,Other,Sexual,Legal Help,Prosecutor's Office
18-May,No,Galapa,psychological,Yes,Domestic Violence,Psychological,Orientation - Psychological,None
18-May,No,Palmar de Varela,Legal Help,No,nan,nan,Legal Help,None
18-May,No,Soledad,Orientation psychological,No,Domestic Violence,nan,Orientation - Psychological,None
18-May,No,Soledad,Orientation psychological,No,Domestic Violence,nan,Orientation - Psychological,None
18-May,No,Soledad,Orientation psychological,No,Domestic Violence,nan,Orientation - Psychological,None
18-May,No,Barranquilla,Legal Help,Yes,Domestic Violence,nan,Legal Help,None
18-May,No,Soledad,Orientation psychological,No,Domestic Violence,Psychological - Physical,Orientation - Psychological,None
18-May,No,Soledad,Legal Help,No,Domestic Violence,Psychological,Legal Help,None
18-May,No,Galapa,Orientation psychological,No,Domestic Violence,nan,Orientation - Psychological,None
18-May,No,Galapa,Orientation psychological,No,Domestic Violence,nan,Orientation - Psychological,None
18-May,No,Malambo,Orientation legal,No,Domestic Violence,Psychological - Physical,Legal Help,Family Support Commissioner 
18-May,No,Barranquilla,Legal Help,Yes,nan,nan,Legal Help,Ombudsman's Office
18-May,No,Barranquilla,Legal Help,No,nan,nan,Legal Help,Family Support Commissioner 
18-May,No,Juan de Acosta,Psychological Help,No,nan,nan,Orientation - Psychological,None
18-May,No,Barranquilla,Psychological Help,Yes,Domestic Violence,Psychological - Physical,None,Ombudsman's Office
18-May,No,Barranquilla,Legal Help,Yes,nan,nan,None,Prosecutor's Office
18-May,No,Soledad,Legal Help,Yes,Domestic Violence,Psychological - Physical,Legal Help,Ombudsman's Office
18-May,No,Barranquilla,Psychological - Legal Help,Yes,Other,Psychological - Physical - Sexual,None,None
18-May,No,Barranquilla,Legal Help,No,nan,Psychological,Legal Help,Family Support Commissioner 
18-May,No,Barranquilla,Legal Help,No,Domestic Violence,Psychological - Physical - Financial,Legal Help,Family Support Commissioner 
18-Jun,No,Galapa,psychological/legal,No,Domestic Violence,Psychological - Physical,Psychological - Legal,Prosecutor's Office
18-Jun,No,Barranquilla,"psychological, legal",No,Other,Psychological - Sexual,Psychological - Legal,Prosecutor's Office
18-Jun,No,Barranquilla,Legal Help,Yes,nan,nan,Legal Help,Ombudsman's Office
18-Jun,No,Barranquilla,Legal Help,Yes,Other,Psychological - Sexual,Psychological - Legal,Ombudsman's Office
18-Jun,No,Malambo,Legal Help,Yes,Domestic Violence,Psychological - Physical,Legal Help,Prosecutor's Office
18-Jun,Yes,Barranquilla,Legal Help,No,Domestic Violence,Psychological,Legal Help,None
18-Jun,No,Barranquilla,Legal Help,Yes,Domestic Violence,Psychological - Physical,Legal Help,Family Support Commissioner 
18-Jun,No,Barranquilla,Psychological Help,No,Domestic Violence,nan,Orientation - Psychological,None
18-Jun,No,Soledad,Help Psychological - Social Help,No,Domestic Violence,Psychological,Orientation - Psychological,None
18-Jun,No,SOLEDAD,Help Psychological - Social Help,Yes,Domestic Violence,nan,Social Work,None
18-Jun,No,Ponedera,Help psychological-legal,Yes,Domestic Violence,nan,Legal Help,Family Support Commissioner 
18-Jun,No,Ponedera,Help psychological-legal,Yes,nan,Physical,Psychological - Legal,Ombudsman's Office
18-Jun,No,Ponedera,Help-psychological,Yes,nan,Psychological - Physical - Financial,Psychological - Legal,Family Support Commissioner 
18-Jun,No,Ponedera,Help-psychological-legal,Yes,nan,Sexual,Psychological - Legal,Prosecutor's Office
18-Jun,No,Ponedera,Help psychological-legal,Yes,nan,Physical,Psychological - Legal,Family Support Commissioner 
18-Jun,No,Ponedera,Help psychological-legal,Yes,nan,Sexual,Psychological - Legal,None
18-Jun,No,Ponedera,Help psychological-legal,Yes,nan,Sexual,Psychological - Legal,None
18-Jun,No,Soledad,Legal Help,Yes,nan,nan,Psychological - Legal,Ombudsman's Office
18-Jun,No,Barranquilla,Psychological - Legal Help,Yes,Domestic Violence,Psychological,Psychological - Legal,Family Support Commissioner 
18-Jun,No,Barranquilla,psychological,No,nan,nan,Orientation - Psychological,None
18-Jun,No,Soledad,psychological,No,Domestic Violence,Psychological - Physical - Financial,Legal Help,None
18-Jun,Yes,Barranquilla,legal,No,Domestic Violence,Financial,Legal Help,None
18-Jun,No,Barranquilla,Legal Help,No,Domestic Violence,Psychological - Physical - Financial,Legal Help,Family Support Commissioner 
18-Jun,No,Barranquilla,Legal Help,No,nan,Psychological,Legal Help,Police
18-Jun,No,Soledad,Legal Help,Yes,Other,Psychological - Physical,Legal Help,Prosecutor's Office
18-Jun,Yes,Malambo,Psychological Help,No,nan,nan,None,None
18-Jun,No,Malambo,Psychological Help,No,nan,nan,None,None
18-Jun,No,Barranquilla,Psychological Help,No,nan,nan,None,None
18-Jun,No,Barranquilla,Consultation,Yes,Domestic Violence,Psychological - Physical,Psychological - Legal,Prosecutor's Office
18-Jun,No,Soledad,Help legal,Yes,Domestic Violence,Psychological - Financial,None,None
18-Jun,No,Soledad,Legal Help,No,nan,Psychological,Legal Help,Family Support Commissioner 
18-Jun,No,Malambo, psychological help,No,nan,nan,None,Ombudsman's Office
18-Jun,No,Barranquilla,Legal Help,No,Domestic Violence,Psychological - Physical,Legal Help,Ombudsman's Office
18-Jun,No,Barranquilla,Legal Help,No,Domestic Violence,Psychological - Physical,Legal Help,Ombudsman's Office
18-Jun,No,Soledad,psychological,Yes,Domestic Violence,Psychological,Orientation - Psychological,None
18-Jun,No,Malambo,psychological,No,nan,nan,Orientation - Psychological,None
18-Jun,No,Barranquilla,psychological,No,nan,nan,Orientation - Psychological,None
18-Jun,No,Barranquilla,psychological,No,Domestic Violence,Psychological - Physical,None,None
18-Jun,No,Soledad,psychologicaljurica,Yes,Domestic Violence,Psychological - Physical - Sexual,Psychological - Legal,None
18-Jun,No,Puerto Colombia,psychological,No,Domestic Violence,All of the above,None,None
18-Jun,No,Barranquilla,"psychological, legal",Yes,Domestic Violence,Psychological - Physical - Financial,None,None
18-Jun,No,Barranquilla,Legal Help,No,Domestic Violence,Psychological,Legal Help,Family Support Commissioner 
18-Jul,No,Galapa,Legal Help,No,nan,nan,Legal Help,Ombudsman's Office
18-Jul,No,Barranquilla,psychological,Yes,Domestic Violence,Psychological,None,None
18-Jul,No,Juan de Acosta,legal,Yes,Domestic Violence,Psychological,Legal Help,Ombudsman's Office
18-Jul,Yes,Barranquilla,legal,No,Domestic Violence,Psychological - Physical,Legal Help,Family Support Commissioner 
18-Jul,No,Barranquilla,Psychological Help,No,Domestic Violence,Psychological - Physical,Orientation - Psychological,None
18-Jul,No,Barranquilla,Psychological Help,Yes,Domestic Violence,Physical - Sexual,Orientation - Psychological,None
18-Jul,No,Puerto Colombia,Psychological - Legal Help,Yes,Domestic Violence,Psychological - Physical - Financial,None,Family Support Commissioner 
18-Jul,No,Baranoa,Psychological - Legal Help,Yes,Domestic Violence,Psychological - Physical - Sexual,Psychological - Legal,None
18-Jul,No,Barranquilla,psychological,No,nan,nan,None,None
18-Jul,No,Barranquilla,legal y psychological,No,nan,nan,Legal Help,Family Support Commissioner 
18-Jul,No,Soledad,legal,No,nan,nan,None,None
18-Jul,No,Soledad,Legal Help,Yes,Other,Sexual,Legal Help,Procurator's office
18-Jul,No,Barranquilla,Legal Help,Yes,nan,nan,Legal Help,Family Support Commissioner 
18-Jul,No,Barranquilla,Helposria psychologicaljurica,No,Domestic Violence,Psychological - Physical,Psychological - Legal,None
18-Jul,No,Barranquilla,Legal Help,No,Domestic Violence,Psychological - Physical - Financial,Legal Help,Prosecutor's Office
18-Jul,No,Barranquilla,Legal Help,Yes,Domestic Violence,Physical,Legal Help,None
18-Jul,No,Barranquilla,soria legal,No,nan,nan,None,Ombudsman's Office
18-Jul,No,Soledad,Legal Help,Yes,Other,Psychological,None,None
18-Jul,No,Barranquilla,HelpSpsychological7legal,Yes,Domestic Violence,Psychological - Physical,Legal Help,None
18-Jul,No,Barranquilla,Legal Help,No,nan,Psychological,Legal Help,Police
18-Jul,No,Barranquilla,Legal Help,No,nan,Psychological - Financial,Legal Help,Family Support Commissioner 
18-Jul,No,Soledad,Legal Help,No,nan,Physical,Legal Help,Prosecutor's Office
18-Aug,No,Barranquilla,Psychological - Legal Help,Yes,Other,Psychological - Physical,Legal Help,None
18-Aug,No,Santo Tomás,Psychological Help,Yes,Domestic Violence,Psychological - Financial,Legal Help,Family Support Commissioner 
18-Aug,No,Soledad,Legal Help-psychological,No,nan,Psychological - Physical,Legal Help,None
18-Aug,No,Galapa,Legal Help,No,nan,Psychological,Legal Help,None
18-Aug,No,Barranquilla,Legal Help,Yes,nan,nan,Legal Help,Ombudsman's Office
18-Aug,No,Soledad,Legal Help,No,Domestic Violence,Psychological - Physical - Sexual,Legal Help,Family Support Commissioner 
18-Aug,No,Barranquilla,Legal Help,Yes,nan,Physical,Legal Help,Ombudsman's Office
18-Aug,No,Barranquilla,Legal Help,Yes,nan,Physical,Legal Help,Family Support Commissioner 
18-Aug,No,Barranquilla,Legal Help,Yes,nan,Psychological - Physical,Legal Help,Family Support Commissioner 
18-Aug,No,Barranquilla,Legal Help,Yes,Domestic Violence,Psychological - Physical - Financial,Psychological - Legal,None
18-Aug,No,Malambo,Psychological Help,No,nan,Psychological,Orientation - Psychological,None
18-Aug,No,Barranquilla,Legal Help,Yes,Domestic Violence,Psychological,Psychological - Legal,Police
18-Aug,No,Soledad,Legal Help,Yes,nan,Psychological - Physical,Psychological - Legal,None
18-Aug,No,Barranquilla,Help psychological,Yes,Domestic Violence,Psychological - Physical,Psychological - Legal,Prosecutor's Office
18-Aug,No,Barranquilla,Psychological - Legal Help,Yes,nan,Psychological - Physical,Psychological - Legal,Police
18-Aug,No,Soledad,Psychological Help,No,Domestic Violence,Psychological - Physical,None,None
18-Aug,No,Soledad,Aesoria legal,Yes,Domestic Violence,Psychological - Physical,Orientation - Psychological,Prosecutor's Office
18-Aug,No,Barranquilla,Legal Help,No,Domestic Violence,Psychological - Physical,Psychological - Legal,Family Support Commissioner 
18-Aug,No,Sabanalarga,Legal Help,Yes,Domestic Violence,Physical,Psychological - Legal,Ombudsman's Office
18-Aug,No,Barranquilla,psychological/legal,No,Other,Sexual,Orientation - Psychological,None
18-Sep,No,Soledad,Psychological - Legal Help,Yes,Other,Psychological - Sexual,None,None
18-Sep,No,Puerto Colombia,psychological,No,Other,nan,Orientation - Psychological,None
18-Sep,No,Barranquilla,Help Jurida,Yes,Domestic Violence,Psychological - Physical,Psychological - Legal,Family Support Commissioner 
18-Sep,No,Barranquilla,Legal Help,No,Domestic Violence,Psychological - Physical,Legal Help,Family Support Commissioner 
18-Sep,Yes,Malambo,Legal Help,No,Domestic Violence,Psychological - Physical,Legal Help,None
18-Sep,No,Barranquilla,Legal Help,No,Domestic Violence,Psychological - Financial,Legal Help,Family Support Commissioner 
18-Sep,No,Soledad,Legal Help,No,nan,Psychological - Financial,Legal Help,Ombudsman's Office
18-Sep,No,Soledad,psychological/legal,Yes,Domestic Violence,All of the above,None,Family Support Commissioner 
18-Sep,No,Baranoa,psychological/Legal,No,nan,nan,None,None
18-Sep,No,Barranquilla,psychological/legal,Yes,Domestic Violence,Sexual,Psychological - Legal,None
18-Sep,No,Soledad,psychological/legal,No,Other,nan,Legal Help,Prosecutor's Office
18-Sep,No,Barranquilla,Consultation,No,nan,nan,Legal Help,Ombudsman's Office
18-Sep,No,Barranquilla,psychological/legal,Yes,Domestic Violence,Psychological,None,None
18-Sep,No,Barranquilla,psychological/legal,No,nan,nan,None,None
18-Sep,No,Barranquilla,Legal Help,No,Domestic Violence,Psychological - Physical,Legal Help,Family Support Commissioner 
18-Sep,No,Barranquilla,DEPRESSION DUE TO LOSS OF A CHILD,No,nan,nan,None,None
18-Sep,No,Barranquilla,FOOD ASSISTANCE,No,nan,nan,Legal Help,Family Support Commissioner 
18-Sep,Yes,Barranquilla,Legal Help,No,Domestic Violence,Physical,Legal Help,Family Support Commissioner 
18-Sep,No,Barranquilla,SOCIO Legal,No,Other,Psychological - Physical,Social Work,Prosecutor's Office
18-Sep,No,Malambo,socio legal,Yes,Domestic Violence,Psychological - Physical,Psychological - Legal,Ombudsman's Office
18-Sep,No,Soledad,Legal Help,No,Domestic Violence,Psychological,Psychological - Legal,Family Support Commissioner 
18-Sep,No,Barranquilla,psychological/legal,Yes,Domestic Violence,Psychological - Physical,Psychological - Legal,Family Support Commissioner 
18-Sep,No,Puerto Colombia,Social Work,No,nan,nan,None,None
18-Sep,No,Soledad,Legal Help,Yes,Domestic Violence,Psychological - Financial,None,None
18-Sep,No,Barranquilla,Legal Help,No,nan,Psychological,Legal Help,Ombudsman's Office
18-Sep,No,Soledad,legal,Yes,Domestic Violence,Psychological - Physical - Sexual,Legal Help,Prosecutor's Office
18-Sep,No,Malambo,psychological/legal,Yes,Domestic Violence,Psychological - Physical,Legal Help,Family Support Commissioner 
18-Sep,Yes,Barranquilla,Orientation psychological,Yes,Domestic Violence,All of the above,None,None
18-Sep,No,Juan de Acosta,psychological,No,nan,nan,None,None
18-Sep,No,Juan de Acosta,psychological,Yes,Domestic Violence,Psychological - Physical,Orientation - Psychological,None
18-Oct,No,Soledad,legal y psychological,Yes,Domestic Violence,Psychological - Financial,Legal Help,Family Support Commissioner 
18-Oct,No,Barranquilla,legal y psychological,Yes,Domestic Violence,Psychological - Physical,None,None
18-Oct,No,Baranoa,Legal Help,Yes,Domestic Violence,Psychological,Legal Help,None
18-Oct,No,SOLEDAD,psychological,No,Domestic Violence,Psychological - Sexual - Financial,Orientation - Psychological,None
18-Oct,Yes,Barranquilla,Housewife,Yes,Other,nan,Orientation - Psychological,None
18-Oct,No,Malambo,Legal Help,Yes,Domestic Violence,Financial,Orientation - Psychological,None
18-Oct,No,Soledad,Legal Help,Yes,Other,Financial,None,None
18-Oct,No,Malambo,psychological/legal,Yes,Other,Sexual,Psychological - Legal,Prosecutor's Office
18-Oct,No,Barranquilla,psychological,Yes,Other,Sexual,Orientation - Psychological,None
18-Oct,No,Barranquilla,Legal Help,No,nan,nan,Legal Help,Ombudsman's Office
18-Oct,No,Soledad,psychological/legal,No,Other,Psychological,Legal Help,Family Support Commissioner 
18-Oct,No,Soledad,Legal Help,Yes,Other,nan,Legal Help,Family Support Commissioner 
18-Oct,No,Barranquilla,legal y psychological,Yes,Other,Psychological,Psychological - Legal,Prosecutor's Office
18-Oct,Yes,Soledad,Legal Help,No,Domestic Violence,Psychological,Legal Help,Family Support Commissioner 
18-Oct,No,Barranquilla,ATENTION,No,nan,nan,Social Work,None
18-Oct,Yes,Soledad,Legal Help,Yes,Domestic Violence,Psychological - Physical - Financial,Legal Help,Family Support Commissioner 
18-Oct,No,Barranquilla,Legal Help,Yes,nan,nan,Legal Help,Family Support Commissioner 
18-Oct,No,Juan de Acosta,psychological,No,nan,Sexual,Orientation - Psychological,None
18-Oct,No,Barranquilla,Legal Help Y psychological,No,nan,nan,Psychological - Legal,None
18-Oct,Yes,Soledad,Legal Help,No,nan,nan,None,Family Support Commissioner 
18-Oct,No,Barranquilla,Legal Help,No,Other,Psychological - Sexual,Legal Help,Prosecutor's Office
18-Oct,No,Soledad,Legal Help,Yes,Other,Sexual,Orientation - Psychological,None
18-Oct,No,Barranquilla,Legal Help Y psychological,No,nan,Psychological,Legal Help,None
18-Oct,Yes,Barranquilla,Legal Help Y psychological,No,Domestic Violence,Psychological - Financial,Legal Help,None
18-Oct,Yes,Malambo,Legal Help Y psychological,No,Domestic Violence,Psychological - Financial,Legal Help,Family Support Commissioner 
18-Oct,Yes,Barranquilla,Legal Help,Yes,Domestic Violence,Psychological - Physical,Psychological - Legal,Family Support Commissioner 
18-Oct,No,Polonuevo,Legal Help,No,Other,Psychological - Physical,Legal Help,Prosecutor's Office
18-Oct,No,Barranquilla,Legal Help,No,nan,Psychological,Legal Help,Family Support Commissioner 
18-Oct,No,Barranquilla,Psychological Help,Yes,Domestic Violence,Psychological - Physical,Psychological - Legal,None
18-Oct,Yes,Galapa,Legal Help,Yes,Domestic Violence,Psychological - Sexual - Financial,Psychological - Legal,Prosecutor's Office
18-Oct,No,Santo Tomás,Legal Help Y psychological,No,nan,nan,Psychological - Legal,None
18-Oct,No,Soledad,Legal Help,No,Domestic Violence,Psychological - Physical - Financial,Legal Help,Police
18-Nov,No,Soledad,Legal Help,No,Domestic Violence,Psychological,Legal Help,Family Support Commissioner 
18-Nov,No,Barranquilla,"Help, psychological, legal",Yes,Domestic Violence,Psychological - Physical,Legal Help,Ombudsman's Office
18-Nov,Yes,GALAPA,Legal Help,Yes,Domestic Violence,Psychological - Physical - Financial,Legal Help,Prosecutor's Office
18-Nov,No,Barranquilla,Legal Help,Yes,Domestic Violence,Psychological - Physical - Financial,Legal Help,Family Support Commissioner 
18-Nov,No,Soledad,psychological/legal,No,Domestic Violence,Psychological - Physical,Psychological - Legal,Family Support Commissioner 
18-Nov,No,Barranquilla,legal,No,nan,nan,None,Family Support Commissioner 
18-Nov,No,Polonuevo,psychological/Legal,Yes,Domestic Violence,Psychological,Legal Help,Family Support Commissioner 
18-Nov,Yes,Soledad,Legal Help,No,Domestic Violence,Psychological - Physical,Legal Help,Family Support Commissioner 
18-Nov,No,Barranquilla,Legal Help,Yes,nan,Psychological - Physical - Financial,Legal Help,None
18-Nov,No,Barranquilla,Legal Help,No,Other,Psychological,Legal Help,Police
18-Nov,No,Barranquilla,legal,No,Domestic Violence,Psychological - Physical,Legal Help,Prosecutor's Office
18-Nov,No,Barranquilla,Legal Help,No,Domestic Violence,Psychological - Physical,Legal Help,Family Support Commissioner 
18-Nov,No,Barranquilla,psychological,Yes,Domestic Violence,Psychological - Physical - Sexual,Orientation - Psychological,None
18-Nov,No,Barranquilla,psychological,No,nan,Psychological,Orientation - Psychological,None
18-Nov,No,Barranquilla,psychological,No,Domestic Violence,Psychological - Physical - Financial,Psychological - Social,Family Support Commissioner 
18-Nov,No,Galapa,psychological,No,nan,nan,None,None
18-Nov,Yes,Barranquilla,psilegal,No,Other,nan,Psychological - Legal,ICBF
18-Nov,No,Malambo,legal,No,Domestic Violence,Financial,Legal Help,Family Support Commissioner 
18-Nov,Yes,Barranquilla,legal,Yes,Other,nan,Legal Help,None
18-Nov,No,Barranquilla,"psychological, legal",Yes,Domestic Violence,Psychological - Physical,None,None
18-Nov,No,Barranquilla,Legal,No,Domestic Violence,Psychological - Physical,Legal Help,Family Support Commissioner 
18-Nov,No,Ponedera,Legal Help,No,Domestic Violence,Psychological - Physical - Financial,Legal Help,Family Support Commissioner 
18-Nov,No,Barranquilla,psychological,Yes,Domestic Violence,Psychological - Physical,Orientation - Psychological,Prosecutor's Office
18-Nov,No,Barranquilla,psychological,No,nan,nan,None,None
18-Nov,No,Barranquilla,legal,No,Other,Physical,Legal Help,Prosecutor's Office
18-Nov,No,Barranquilla,legal,Yes,Domestic Violence,Psychological - Physical,Legal Help,Prosecutor's Office
18-Dec,No,Barranquilla,Legal Help,Yes,nan,Psychological,Legal Help,Ombudsman's Office
18-Dec,No,Soledad,Help legal,Yes,Other,nan,Legal Help,None
18-Dec,No,Soledad,Psychological - Legal Help,Yes,Domestic Violence,Psychological - Physical,Psychological - Legal,Prosecutor's Office
18-Dec,No,Barranquilla,Consultation,Yes,Domestic Violence,Psychological - Physical,Psychological - Legal,Family Support Commissioner 
18-Dec,No,Sabanalarga,Legal Help,Yes,Other,Psychological - Physical,Legal Help,Police
18-Dec,No,Soledad,legal y psychological,Yes,Other,Psychological - Physical,Psychological - Legal,Police
18-Dec,No,Malambo,Legal Help,Yes,Domestic Violence,Psychological - Physical,Psychological - Legal,None
18-Dec,No,Barranquilla,SOCIAL,No,Domestic Violence,Psychological - Physical - Financial,Social Work,Family Support Commissioner 
18-Dec,No,Soledad,legal,No,nan,Psychological - Physical,Psychological - Legal,Police
18-Dec,No,Barranquilla,legal,Yes,Domestic Violence,nan,None,None
18-Dec,No,Barranquilla,psychological,Yes,Domestic Violence,Psychological,Orientation - Psychological,None
18-Dec,No,Soledad,psychological legal,Yes,Domestic Violence,Psychological - Physical - Financial,Psychological - Legal,None
18-Dec,No,Soledad,legal,Yes,Domestic Violence,Psychological - Physical,Legal Help,None
18-Dec,No,Barranquilla,Legal Help,No,Other,Psychological,Legal Help,Police
18-Dec,No,Galapa,Legal Help,Yes,Other,Psychological - Physical,Legal Help,Police
18-Dec,No,Barranquilla,Legal Help,Yes,Domestic Violence,Psychological - Physical,Legal Help,Police
18-Dec,No,Repelón,Legal Help,Yes,Other,Psychological - Physical - Financial,Legal Help,Prosecutor's Office
18-Dec,No,Barranquilla,legal/psychological,Yes,Domestic Violence,Psychological - Physical,Legal Help,None
18-Dec,No,Manatí,legal,Yes,Domestic Violence,Psychological - Financial,Legal Help,Ombudsman's Office
18-Dec,No,Barranquilla,Legal Help,Yes,Other,Psychological,Legal Help,Prosecutor's Office
18-Dec,No,Soledad,Legal Help,Yes,Other,Psychological,Psychological - Legal,None
18-Dec,No,Barranquilla,Legal Help,Yes,Domestic Violence,Psychological - Physical,Legal Help,Family Support Commissioner 
18-Dec,No,Barranquilla,Psychological Help,No,Other,Sexual,None,None
18-Dec,No,Barranquilla,Psychological - Legal Help,Yes,Domestic Violence,All of the above,Psychological - Legal,Prosecutor's Office
18-Dec,No,Barranquilla,Consultation,No,nan,nan,Orientation - Psychological,None
18-Dec,Yes,Juan de Acosta,psychological,No,Other,nan,Orientation - Psychological,None
18-Dec,No,Juan de Acosta,psychological,Yes,Domestic Violence,Psychological - Physical - Sexual,Orientation - Psychological,Family Support Commissioner 
18-Dec,No,Barranquilla,psychological,Yes,Domestic Violence,Psychological,Orientation - Psychological,Family Support Commissioner 
19-Jan,No,Barranquilla,psychological/legal,No,Other,Psychological - Physical,Psychological - Legal,Prosecutor's Office
19-Jan,No,Barranquilla,psychological/legal,Yes,Other,Psychological,Orientation - Psychological,Family Support Commissioner 
19-Jan,No,Barranquilla,legal,No,nan,nan,Legal Help,Family Support Commissioner 
19-Jan,No,Repelón,Housing,No,Domestic Violence,All of the above,None,None
19-Jan,No,Barranquilla,Domestic Violence,No,Domestic Violence,Psychological - Physical,Psychological - Legal,Family Support Commissioner 
19-Jan,No,Barranquilla,DIVORCE,No,Other,nan,Legal Help,Ombudsman's Office
19-Jan,No,Barranquilla,Domestic Violence,Yes,Domestic Violence,Psychological - Physical - Financial,Legal Help,Prosecutor's Office
19-Jan,No,Barranquilla,Domestic Violence,Yes,Domestic Violence,Psychological - Physical - Financial,Psychological - Legal,Prosecutor's Office
19-Jan,No,Soledad,CUSTODY,Yes,Other,nan,Psychological - Legal,Procurator's office
19-Jan,No,Soledad,RESTRICTION,Yes,Domestic Violence,Psychological - Financial,Psychological - Legal,Family Support Commissioner 
19-Jan,No,Barranquilla,DEPRESSION,No,nan,nan,Orientation - Psychological,None
19-Jan,No,Barranquilla,sexual abuse,No,Other,Sexual,Legal Help,None
18-Jan,No,Candelaria,Domestic Violence - food,Yes,Domestic Violence,Psychological - Physical,Legal Help,None
19-Jan,No,Soledad,Domestic Violence/daughter,No,Domestic Violence,Psychological,Orientation - Psychological,None
19-Jan,No,Barranquilla,Legal,Yes,Other,Psychological - Physical,Legal Help,Ombudsman's Office
19-Jan,No,Barranquilla,Domestic Violence Y food,Yes,Domestic Violence,Psychological - Physical,Legal Help,Family Support Commissioner 
19-Jan,No,Barranquilla,Domestic Violence,Yes,Domestic Violence,Psychological - Physical,Legal Help,Family Support Commissioner 
19-Feb,No,Barranquilla,existential crisis,No,Other,Psychological,Orientation - Psychological,None
19-Feb,No,Barranquilla,Domestic Violence,No,Domestic Violence,Psychological - Physical - Sexual,Psychological - Legal,Ombudsman's Office
19-Feb,No,Barranquilla,sexual abuse,Yes,Other,Sexual,None,None
19-Feb,No,Malambo,Consultation,No,nan,nan,None,None
19-Feb,No,Barranquilla,niece is victim of Domestic Violence,No,Domestic Violence,Psychological - Physical,Psychological - Legal,Family Support Commissioner 
19-Feb,No,Barranquilla,friend is a victimg of Domestic Violence,No,Domestic Violence,Psychological - Sexual - Financial,Legal Help,Prosecutor's Office
19-Feb,No,Soledad,Domestic Violence,Yes,Domestic Violence,All of the above,Orientation - Psychological,None
19-Feb,No,Barranquilla,daughter is victim of Domestic Violence,No,Domestic Violence,Psychological - Physical,Psychological - Legal,Family Support Commissioner 
19-Feb,No,Puerto Colombia,abuse victim,No,Other,nan,Legal Help,Prosecutor's Office
19-Feb,No,Soledad,Domestic Violence,No,Domestic Violence,Psychological - Physical - Financial,Psychological - Legal,None
19-Feb,Yes,Barranquilla,Consultation,Yes,Other,nan,Social Work,Family Support Commissioner 
19-Feb,No,Soledad,Domestic Violence,Yes,Domestic Violence,Psychological - Physical,None,Procurator's office
19-Feb,No,Malambo,Consultation,Yes,nan,nan,Legal Help,Prosecutor's Office
19-Feb,No,Barranquilla,sexual abuse,No,nan,nan,None,None
19-Feb,No,Soledad,Consultation,No,Other,Financial,Psychological - Legal,Police
19-Feb,No,Barranquilla,Consultation,No,nan,nan,None,None
19-Feb,No,Barranquilla,Housing,Yes,Other,nan,Legal Help,None
19-Feb,No,Soledad,Domestic Violence,No,Other,Psychological - Physical,Legal Help,Prosecutor's Office
19-Feb,No,Barranquilla,Orientation,Yes,Domestic Violence,Psychological,Legal Help,Family Support Commissioner 
19-Feb,No,Barranquilla,Legal Help,No,Domestic Violence,Psychological - Physical,Legal Help,Prosecutor's Office
19-Feb,No,Malambo,Help ,No,nan,nan,Legal Help,Ombudsman's Office
19-Feb,No,Galapa,Help ,No,nan,Psychological,Legal Help,Police
19-Feb,No,Barranquilla,Help psychological,No,nan,nan,Orientation - Psychological,None
19-Feb,No,Barranquilla,food,Yes,nan,nan,Legal Help,Ombudsman's Office
19-Feb,No,Barranquilla,Consultation,No,Domestic Violence,Sexual,Orientation - Psychological,None
19-Mar,No,Galapa,Consultation,Yes,Domestic Violence,Psychological - Physical,None,None
19-Mar,No,Sabanalarga,Consultation,Yes,Domestic Violence,Psychological,Orientation - Psychological,Ombudsman's Office
19-Mar,No,Baranoa,Consultation,Yes,Other,nan,Orientation - Psychological,None
19-Mar,No,Soledad,Consultation,No,Domestic Violence,Psychological - Physical,None,Prosecutor's Office
19-Mar,No,Malambo,Legal Help,Yes,Domestic Violence,Psychological - Physical - Sexual,Legal Help,Family Support Commissioner 
19-Mar,No,Malambo,Legal Help,No,Domestic Violence,Psychological,Legal Help,Family Support Commissioner 
19-Mar,No,Malambo,Help legal,No,Other,nan,Legal Help,Family Support Commissioner 
19-Mar,No,Baranoa,Help - psychological/legal,Yes,Domestic Violence,Psychological - Physical,Psychological - Legal,Family Support Commissioner 
18-Mar,No,Santa Lucía,"psychological, legal",Yes,Other,Financial,Psychological - Legal,None
19-Mar,No,Barranquilla,"psychological, legal",Yes,Domestic Violence,Psychological - Physical - Financial,Legal Help,Prosecutor's Office
19-Mar,Yes,Barranquilla,"psychological, legal",Yes,nan,Psychological - Physical,Psychological - Legal,None
19-Mar,No,Soledad,"psychological, legal",Yes,Domestic Violence,Financial,Psychological - Legal,Ombudsman's Office
19-Mar,No,Soledad,pisolegal,No,Domestic Violence,Psychological - Physical,Psychological - Legal,None
19-Mar,No,Soledad,"psychological, legal",No,Domestic Violence,Psychological - Physical - Financial,Psychological - Legal,Family Support Commissioner 
19-Mar,No,Tubará,legal,Yes,nan,nan,Legal Help,None
19-Mar,No,Juan de Acosta,psychological,No,Domestic Violence,Psychological,Orientation - Psychological,None
19-Mar,No,Barranquilla,psychological/legal,Yes,Domestic Violence,Psychological,Legal Help,Family Support Commissioner 
19-Mar,Yes,Soledad,Legal,Yes,Domestic Violence,Psychological - Physical,Legal Help,Family Support Commissioner 
19-Mar,No,Soledad,Legal,Yes,Other,Psychological - Financial,Legal Help,Ombudsman's Office
19-Mar,No,Barranquilla,legal,No,Domestic Violence,Psychological - Financial,Legal Help,Family Support Commissioner 
19-Mar,No,Barranquilla,legal,No,Other,Psychological,Legal Help,Police
19-Mar,No,Barranquilla,psychological,No,nan,nan,Orientation - Psychological,None
19-Apr,No,Soledad,psychological/legal,Yes,Domestic Violence,Psychological,Psychological - Legal,Family Support Commissioner 
19-Apr,No,Galapa,Legal Help,Yes,nan,nan,Legal Help,Ombudsman's Office
19-Apr,No,Luruaco,income,Yes,Domestic Violence,Psychological - Physical,Psychological - Legal,None
19-Apr,No,Barranquilla,"psychological, legal",No,Domestic Violence,Psychological - Physical,Psychological - Legal,None
19-Apr,No,Puerto Colombia,"psychological, legal",Yes,Domestic Violence,Psychological - Financial,Orientation - Psychological,None
19-Apr,No,Puerto Colombia,legal,No,nan,Psychological - Physical,Legal Help,Prosecutor's Office
19-Apr,No,Barranquilla,"psychological, legal",Yes,Domestic Violence,Psychological - Physical,Psychological - Legal,None
19-Apr,No,Barranquilla,"psychological, legal",No,Domestic Violence,Psychological - Physical - Sexual,Psychological - Legal,Family Support Commissioner 
19-Apr,No,Barranquilla,"psychological, legal",Yes,Domestic Violence,Psychological - Physical - Financial,Psychological - Legal,None
19-Apr,Yes,Soledad,"psychological, legal",Yes,Domestic Violence,Psychological - Physical - Sexual,Legal Help,Family Support Commissioner 
19-Apr,No,Soledad,"psychological, legal",Yes,Domestic Violence,Psychological - Physical,Psychological - Legal,Prosecutor's Office
19-Apr,Yes,Barranquilla,Referral by defense counsel,Yes,Other,Sexual,Orientation - Psychological,None
19-Apr,No,Barranquilla,legal,Yes,Domestic Violence,Psychological - Financial,Legal Help,Ombudsman's Office
19-Apr,No,Palmar de Varela,legal,Yes,Domestic Violence,Psychological - Physical,None,Family Support Commissioner 
19-Apr,No,Barranquilla,legal,Yes,Other,Psychological - Financial,None,None
19-Apr,No,Palmar de Varela,legal,Yes,Other,Psychological - Sexual,Legal Help,Prosecutor's Office
19-Apr,No,Soledad,legal,Yes,Domestic Violence,Psychological - Financial,Legal Help,Family Support Commissioner 
19-Apr,No,Barranquilla,Legal Help,Yes,nan,nan,Psychological - Legal,Ombudsman's Office
19-Apr,No,Barranquilla,Help.psychological,No,Domestic Violence,Psychological - Financial,Psychological - Social,None
19-Apr,No,Malambo,Legal Help,No,Other,Psychological - Physical - Sexual,Legal Help,Ombudsman's Office
19-Apr,No,Soledad,Psychological - Legal Help,Yes,Domestic Violence,Psychological - Physical,Psychological - Legal,Ombudsman's Office
19-Apr,No,Repelón,legal,Yes,Other,Physical,Psychological - Legal,Prosecutor's Office
19-Apr,No,Galapa,legal,Yes,Domestic Violence,Psychological - Physical - Sexual,Legal Help,Ombudsman's Office
19-Apr,No,Soledad,Housing,Yes,Domestic Violence,Psychological - Physical - Financial,None,None
19-Apr,No,Santa Lucía,psilegal,No,Domestic Violence,Psychological - Physical,None,None
19-Apr,No,Barranquilla,Housing,Yes,Domestic Violence,Psychological - Physical,None,None
19-May,No,Barranquilla,legal,Yes,Other,Psychological - Physical - Financial,None,None
19-May,No,Galapa,legal,Yes,nan,nan,Legal Help,Ombudsman's Office
19-May,No,Soledad,"psychological, legal",No,Domestic Violence,Psychological - Physical,Psychological - Legal,Prosecutor's Office
19-May,No,Barranquilla,"psychological, legal",Yes,Domestic Violence,Psychological - Physical,Psychological - Legal,Prosecutor's Office
19-May,No,Barranquilla,"psychological, legal",No,Other,nan,None,None
19-May,No,Barranquilla,Consultation,No,Other,Financial,None,None
19-May,No,Soledad,legal,No,Domestic Violence,Psychological,Legal Help,Prosecutor's Office
19-May,No,Barranquilla,"psychological, legal",Yes,Domestic Violence,Psychological - Physical,None,None
19-May,No,Barranquilla,psychological,No,Domestic Violence,Psychological - Physical,Orientation - Psychological,None
19-May,No,Juan de Acosta,"psychological, legal",No,Other,Psychological,Legal Help,Prosecutor's Office
19-May,No,Ponedera,"psychological, legal",Yes,Other,Psychological - Physical - Financial,Legal Help,Procurator's office
19-May,No,Barranquilla,"psychological, legal",Yes,Other,Psychological - Physical - Financial,Legal Help,None
19-May,No,Soledad,"psychological, legal",Yes,Domestic Violence,Psychological - Physical - Financial,Legal Help,Ombudsman's Office
19-May,No,Soledad,Consultation,No,nan,nan,None,None
19-May,No,Galapa,legal,No,nan,nan,Legal Help,Ombudsman's Office
19-May,Yes,Soledad,legal,No,Domestic Violence,Psychological - Financial,Legal Help,Family Support Commissioner 
19-May,No,Barranquilla,legal,No,Domestic Violence,Psychological,Psychological - Legal,Family Support Commissioner 
19-May,No,Barranquilla,psychological,Yes,Domestic Violence,Psychological,Psychological - Legal,None
19-May,No,Barranquilla,psychological legal,No,Other,Psychological - Physical,None,None
19-May,No,Barranquilla,Legal Help,Yes,Domestic Violence,Physical,Legal Help,None
19-May,No,Puerto Colombia,Help legal,Yes,Domestic Violence,Physical - Sexual,None,Prosecutor's Office
19-May,No,Palmar de Varela,Legal Help,Yes,Other,Psychological - Physical,Legal Help,None
19-May,No,Soledad,psychological,Yes,Domestic Violence,Psychological - Physical,None,None
19-May,No,Ponedera,Psychological - Legal Help,Yes,Other,Sexual,None,None
19-May,No,Barranquilla,psychological legal,Yes,Domestic Violence,Physical - Financial,None,Ombudsman's Office
19-May,No,Soledad,psychological,No,nan,nan,Orientation - Psychological,None
19-Jun,No,Soledad,legal,Yes,Domestic Violence,Physical,None,None
19-Jun,No,Barranquilla,Helplegal,No,Other,Psychological,Legal Help,Prosecutor's Office
19-Jun,No,Soledad,Legal Help,No,Domestic Violence,Psychological,Legal Help,Ombudsman's Office
19-Jun,No,Sabanagrande,Psychological Help,No,nan,nan,None,None
19-Jun,Yes,Barranquilla,Help legal,No,Domestic Violence,Psychological,Psychological - Legal,Family Support Commissioner 
19-Jun,No,Candelaria,Legal Help,Yes,Domestic Violence,Psychological - Physical,None,None
19-Jun,No,Puerto Colombia,Legal Help,Yes,Other,Psychological,Legal Help,Procurator's office
19-Jun,No,Soledad,Legal Help,No,nan,nan,Legal Help,Ombudsman's Office
19-Jun,No,Puerto Colombia,legal,Yes,nan,nan,Legal Help,Ombudsman's Office
19-Jun,No,Galapa,legal,No,nan,nan,Legal Help,None